SORT_INDEX,TITLE,ID,FILING_DATE,RECORD_NUM,STATUS,STANDING,ALERT,CAN_REINSTATE,CAN_FILE_AR,CAN_ALWAYS_FILE_AR,CAN_FILE_REINSTATEMENT,Filing Type,Status,Standing - AR,Standing - RA,Standing - Other,Formed In,Term of Duration,Initial Filing Date,Principal Address,Mailing Address,AR Due Date,Commercial Registered Agent,Delayed Effective Date,Registered Agent,Filing Subtype,Owner Name,Owner Address,Nature of Business,Expiration Date,Owners
21,"Voxtur Services, LLC | Limited Liability Company - Business - Foreign",281594,07/18/2019,0002845261,Active,Good Standing,False,False,False,False,False,Limited Liability Company - Business - Foreign,Active,Good,Good,Good,TEXAS,Perpetual,07/18/2019,"5404 CYPRESS CENTER DRIVE
SUITE 300
TAMPA, FL 33609","5404 CYPRESS CENTER DR
STE 300
TAMPA, FL 33609-1023",11/15/2023,"COGENCY GLOBAL INC.
120 W SWEET AVE STE 9
BISMARCK, ND  58504",,,,,,,,
20,"Voxtur Appraisal Services, LLC | Limited Liability Company - Business - Foreign",171478,09/24/2018,0000171856,Active,Good Standing,False,False,False,False,False,Limited Liability Company - Business - Foreign,Active,Good,Good,Good,INDIANA,Perpetual,09/24/2018,"5404 CYPRESS CENTER DR
STE 300
TAMPA, FL 33609","5404 CYPRESS CENTER DR
STE 300
TAMPA, FL 33609-1023",11/15/2023,"COGENCY GLOBAL INC.
120 W SWEET AVE STE 9
BISMARCK, ND  58504",,,,,,,,
12,"CONTRACT FREIGHTERS, INC. | Corporation - Business - Foreign",90557,01/30/2008,0000090925,Active,Good Standing,False,False,False,False,False,Corporation - Business - Foreign,Active,Good,Good,Good,MISSOURI,Perpetual,01/30/2008,"4701 E 32ND ST
JOPLIN, MO 64804-3482","4701 E 32ND ST
JOPLIN, MO 64804-3482",05/15/2023,"CORPORATION SERVICE COMPANY
600 S 2ND ST
STE 155
BISMARCK, ND  58504",,,,,,,,
11,"CONDUENT STATE HEALTHCARE, LLC | Limited Liability Company - Business - Foreign",74479,05/01/2003,0000074703,Active,Good Standing,False,False,False,False,False,Limited Liability Company - Business - Foreign,Active,Good,Good,Good,DELAWARE,Perpetual,05/01/2003,"100 CAMPUS DRIVE
FLORHAM PARK, NJ 07932 ","100 CAMPUS DR
FLORHAM PARK, NJ 07932-1020",11/15/2023,"CORPORATION SERVICE COMPANY
600 S 2ND ST
STE 155
BISMARCK, ND  58504",,,,,,,,
15,MCKESSON MEDICAL-SURGICAL MEDIMART INC. | Corporation - Business - Foreign,31989,04/22/1991,0000032178,Active,Good Standing,False,False,False,False,False,Corporation - Business - Foreign,Active,Good,Good,Good,MINNESOTA,Perpetual,04/22/1991,"12755 HIGHWAY 55
SUITE R200
PLYMOUTH, MN 55441","6535 STATE HIGHWAY 161
IRVING, TX 75039-2402",05/15/2023,"CORPORATION SERVICE COMPANY
600 S 2ND ST
STE 155
BISMARCK, ND  58504",,,,,,,,
13,"GXO LOGISTICS SUPPLY CHAIN, INC. | Corporation - Business - Foreign",169193,05/30/2018,0000169571,Active,Good Standing,False,False,False,False,False,Corporation - Business - Foreign,Active,Good,Good,Good,NORTH CAROLINA,Perpetual,05/30/2018,"4000 PIEDMONT PKWY
HIGH POINT, NC 27265-9402","11215 N COMMUNITY HOUSE RD
STE 300
TAX DEPT
CHARLOTTE, NC 28277-0817",05/15/2023,"REGISTERED AGENT SOLUTIONS, INC.
1709 N 19TH ST STE 3
BISMARCK, ND  58501-2121",,,,,,,,
8,"CONDUENT HR SERVICES, LLC | Limited Liability Company - Business - Foreign",105993,04/21/2011,0000106362,Active,Good Standing,False,False,False,False,False,Limited Liability Company - Business - Foreign,Active,Good,Good,Good,PENNSYLVANIA,Perpetual,04/21/2011,"100 CAMPUS DR
FLORHAM PARK, NJ 07932-1020","100 CAMPUS DR
FLORHAM PARK, NJ 07932-1020",11/15/2023,"CORPORATION SERVICE COMPANY
600 S 2ND ST
STE 155
BISMARCK, ND  58504",,,,,,,,
16,"Miller Underground, LLC | Limited Liability Company - Business - Domestic",153110,04/25/2016,0000153484,Active,Good Standing,False,False,False,False,False,Limited Liability Company - Business - Domestic,Active,Good,Good,Good,NORTH DAKOTA,Perpetual,04/25/2016,"701 SUNFLOWER DR
BISMARCK, ND 58503-6293","701 SUNFLOWER DR
BISMARCK, ND 58503-6293",11/15/2023,,05/01/2016,"JARED  MILLER
701 SUNFLOWER DR
BISMARCK, ND  58503",,,,,,
14,"GXO Logistics Worldwide, LLC | Limited Liability Company - Business - Foreign",50106,04/19/2004,0000050314,Active,Good Standing,False,False,False,False,False,Limited Liability Company - Business - Foreign,Active,Good,Good,Good,DELAWARE,Perpetual,04/19/2004,"4000 PIEDMONT PKWY
HIGH POINT, NC 27265-9414","4000 PIEDMONT PKWY
HIGH POINT, NC 27265-9414",11/15/2023,"REGISTERED AGENT SOLUTIONS, INC.
1709 N 19TH ST STE 3
BISMARCK, ND  58501-2121",,,,,,,,
194,"XZILON, INC. | Corporation - Business - Foreign",162412,06/30/2017,0000162789,Active,Good Standing,False,False,False,False,False,Corporation - Business - Foreign,Active,Good,Good,Good,CALIFORNIA,Perpetual,06/30/2017,"5101 E. LA PALMA AVE
SUITE 115
ANAHEIM, CA 92807","PO BOX 7259
BEND, OR 97708-7259",05/15/2023,"CORPORATION SERVICE COMPANY
600 S 2ND ST
STE 155
BISMARCK, ND  58504",,,,,,,,
193,XYZ Services LLC | Limited Liability Company - Business - Domestic,349089,12/02/2022,0006118943,Active,Good Standing,False,False,False,False,False,Limited Liability Company - Business - Domestic,Active,Good,Good,Good,NORTH DAKOTA,Perpetual,12/02/2022,"800 11TH AVE W
DICKINSON, ND 58601","800 11TH AVE W
DICKINSON, ND 58601-3721",11/15/2023,,,"ZANE  SCHOBINGER
800 11TH AVE W
DICKINSON, ND  58601",,,,,,
7,"CONDUENT GOVERNMENT SYSTEMS, LLC | Limited Liability Company - Business - Foreign",48426,08/06/1996,0000048634,Active,Good Standing,False,False,False,False,False,Limited Liability Company - Business - Foreign,Active,Good,Good,Good,DELAWARE,Perpetual,08/06/1996,"5860 TRINITY PARKWAY
SUITE 120
CENTREVILLE, VA 20120","5860 TRINITY PKWY
STE 120
CENTREVILLE, VA 20120-1999",11/15/2023,"CORPORATION SERVICE COMPANY
600 S 2ND ST
STE 155
BISMARCK, ND  58504",,,,,,,,
6,"CONDUENT BUSINESS SERVICES, LLC | Limited Liability Company - Business - Foreign",97654,01/20/2010,0000098023,Active,Good Standing,False,False,False,False,False,Limited Liability Company - Business - Foreign,Active,Good,Good,Good,DELAWARE,Perpetual,01/20/2010,"100 CAMPUS DR
SUITE 200E
FLORHAM PARK, NJ 07932-1020","100 CAMPUS DR
STE 200E
FLORHAM PARK, NJ 07932-1020",11/15/2023,"CORPORATION SERVICE COMPANY
600 S 2ND ST
STE 155
BISMARCK, ND  58504",,,,,,,,
10,"CONDUENT STATE & LOCAL SOLUTIONS, INC. | Corporation - Business - Foreign",38823,03/21/1995,0000039021,Active,Good Standing,False,False,False,False,False,Corporation - Business - Foreign,Active,Good,Good,Good,NEW YORK,Perpetual,03/21/1995,"100 CAMPUS DR
FLORHAM PARK, NJ 07932-1020","100 CAMPUS DR
FLORHAM PARK, NJ 07932-1020",05/15/2023,"CORPORATION SERVICE COMPANY
600 S 2ND ST
STE 155
BISMARCK, ND  58504",,,,,,,,
190,"XYLEM WATER SOLUTIONS U.S.A., INC. | Corporation - Business - Foreign",111130,10/24/2011,0000111500,Active,Good Standing,False,False,False,False,False,Corporation - Business - Foreign,Active,Good,Good,Good,DELAWARE,Perpetual,10/24/2011,"4828 PARKWAY PLAZA BLVD
CHARLOTTE, NC 28217","1 INTERNATIONAL DR
RYE BROOK, NY 10573-1058",05/15/2023,"C T CORPORATION SYSTEM
120 W SWEET AVE
BISMARCK, ND  58504",,,,,,,,
9,"CONDUENT HUMAN RESOURCE SERVICES, LLC | Limited Liability Company - Business - Foreign",88279,08/14/2007,0000088647,Active,Good Standing,False,False,False,False,False,Limited Liability Company - Business - Foreign,Active,Good,Good,Good,DELAWARE,Perpetual,08/14/2007,"100 CAMPUS DRIVE
FLORHAM PARK, NJ 07932 ","100 CAMPUS DR
FLORHAM PARK, NJ 07932-1020",11/15/2023,"CORPORATION SERVICE COMPANY
600 S 2ND ST
STE 155
BISMARCK, ND  58504",,,,,,,,
192,XYZ LLC | Limited Liability Company - Business - Domestic,325642,02/11/2022,0005700803,Active,Good Standing,False,False,False,False,False,Limited Liability Company - Business - Domestic,Active,Good,Good,Good,NORTH DAKOTA,Perpetual,02/11/2022,"3904 4TH AVE NW
JAMESTOWN, ND 58401","PO BOX 950
JAMESTOWN, ND 58402-0950",11/15/2023,,,"DAVID  SATROM
711 1ST AVE N # 4
JAMESTOWN, ND  58401",,,,,,
188,XXI CENTURY LTD. | Corporation - Business - Domestic,9739,08/21/1987,0000009887,Active,Good Standing,False,False,False,False,False,Corporation - Business - Domestic,Active,Good,Good,Good,NORTH DAKOTA,Perpetual,08/21/1987,"1732 N 5TH ST
BISMARCK, ND 58501-1801","1732 N 5TH ST
BISMARCK, ND 58501-1801",08/01/2023,,,"TODD J SCHULZ
1732 N 5TH ST
BISMARCK, ND  58501-1801",,,,,,
186,"XTS Holdings, LLC | Limited Liability Company - Business - Domestic",323712,10/18/2021,0005668778,Active,Good Standing,False,False,False,False,False,Limited Liability Company - Business - Domestic,Active,Good,Good,Good,NORTH DAKOTA,Perpetual,10/18/2021,"198 BERTHOLD STREET
PLAZA, ND 58771","198 BERTHOLD ST
PLAZA, ND 58771-7100",11/15/2023,,,"DARIN  POWELL
198 BERTHOLD ST
PLAZA, ND  58771",,,,,,
184,XTREME TROPHY PROPERTIES | Trade Name,240582,05/20/2010,0000240962,Active,Good Standing,False,False,False,False,False,Trade Name,Active,,,,,Expires - 5 years,05/20/2010,"617 VALLEY ST.
PO BOX 297
RAYMOND READING
HAWLEY, MN 56549","PO BOX 297
Raymond Reading
HAWLEY, MN 56549-0297",,,,,,"HAWLEY REALTY, INC.","2343 US HWY 10
DETROIT LAKES, MN 56501",REAL ESTATE,05/20/2025,
191,XYMTEC Industries LLC | Limited Liability Company - Business - Domestic,312780,03/31/2021,0005486763,Active,Good Standing,False,False,False,False,False,Limited Liability Company - Business - Domestic,Active,Good,Good,Good,NORTH DAKOTA,Perpetual,03/31/2021,"409 FOXTAIL DR
WEST FARGO, ND 58078","409 FOXTAIL DR
WEST FARGO, ND 58078-7964",11/15/2023,,,"ANDREW  SANDVIK
409 FOXTAIL DR
WEST FARGO, ND  58078",,,,,,
183,Xtreme Transport Logistics LLC | Limited Liability Company - Business - Domestic,319007,07/22/2021,0005572886,Active,Not Good Standing,False,False,True,True,False,Limited Liability Company - Business - Domestic,Active,Not Good,Good,Good,NORTH DAKOTA,Perpetual,07/22/2021,"1515 BURNT BOAT DR STE C
138
MARK WRIGHT
BISMARCK, ND 58503","1515 BURNT BOAT DR # 138
MARK WRIGHT
BISMARCK, ND 58503-1333",11/15/2022,,,"MARK W WRIGHT
1940 S BROADWAY # 406
MINOT, ND  58701",,,,,,
182,XTREME SIGNS & GRAPHIX | Trade Name,231461,06/13/2006,0000231841,Active,Good Standing,False,False,False,False,False,Trade Name,Active,,,,,Expires - 5 years,06/13/2006,"401 6TH ST SE
DEVILS LAKE, ND 58301-3629","401 6TH ST SE
DEVILS LAKE, ND 58301-3629",,,,,,,,"SIGN DESIGN, FABRICATION OF SIGNS OF ALL KINDS, SIGN REPAIR, VINYL DECAL, VEHICLE LETTERING, BOAT LETTERING, TRAILER LETTERING, ETC. SIGN MAINTENANCE,BANNERS, PROMOTIONS, APPAREL, GRAPHIC DESIGN",06/13/2026,"CRAIG NICHOLAS THOMAS
8482 HIGHWAY 2
DEVILS LAKE, ND 58301-8742"
180,X-TREME OUTFITTERS | Trade Name,228979,03/02/2005,0000229359,Active,Good Standing,False,False,False,False,False,Trade Name,Active,,,,,Expires - 5 years,03/02/2005,"9673 N HWY 281
PO BOX 66
ELLENDALE, ND 58436-0066","PO BOX 66
ELLENDALE, ND 58436-0066",,,,,,COREY GULKE,"PO BOX 66
ELLENDALE, ND 58436-0066","GUNSMITHING, SPORTING GOODS RETAIL",03/02/2025,
179,XTREME LIGHTING | Trade Name,259434,03/02/2015,0000259814,Active,Good Standing,False,False,False,False,False,Trade Name,Active,,,,,Expires - 5 years,03/02/2015,"121 3RD AVE E
WEST FARGO, ND 58078-1820","121 3RD AVE E
WEST FARGO, ND 58078-1820",,,,,,,,SALES OF EMERGENCY VEHICLE LIGHTS AND AUXILLARY LIGHTS,03/02/2025,"CHARLES DOSH
121 3RD AVE E
WEST FARGO, ND 58078-1820"
178,Xtreme installations | Trade Name,318390,07/07/2021,0005565360,Active,Good Standing,False,False,False,False,False,Trade Name,Active,,,,,Expires - 5 years,07/07/2021,"91 OSBORN DR
DICKINSON, ND 58601","91 OSBORN DR
DICKINSON, ND 58601-3935",,,,,,David Rodriguez,"91 OSBORN DR
DICKINSON, ND 58601-3935",Mobile electronics sales and installations,07/07/2026,
177,Xtreme installation LLC | Limited Liability Company - Business - Domestic,337553,06/23/2022,0005916425,Active,Good Standing,False,False,False,False,False,Limited Liability Company - Business - Domestic,Active,Good,Good,Good,NORTH DAKOTA,Perpetual,06/23/2022,"2740 SIMS ST
SUITE A
DICKINSON, ND 58601","91 OSBORN DR
DICKINSON, ND 58601-3935",11/15/2023,,,"DAVID  RODRIGUEZ
2740 SIMS ST
STE A
DICKINSON, ND  58601",,,,,,
176,Xtreme Gun Works | Trade Name,347328,10/26/2022,0006065149,Active,Good Standing,False,False,False,False,False,Trade Name,Active,,,,,Expires - 5 years,10/26/2022,"819 3RD ST N
WAHPETON, ND 58075","819 3RD ST N
WAHPETON, ND 58075-3403",,,,,,Wet Work Hydrographics LLC,"819 3RD ST N
WAHPETON, ND 58075",Selling and manufacturing firearms,10/26/2027,
181,XTREME PRODUCTS LLC | Limited Liability Company - Business - Domestic,132687,12/09/2013,0000133058,Active,Good Standing,False,False,False,False,False,Limited Liability Company - Business - Domestic,Active,Good,Good,Good,NORTH DAKOTA,Perpetual,12/09/2013,"209 3RD AVE
ENDERLIN, ND 58027-1304","PO BOX 64
ENDERLIN, ND 58027-0064",11/15/2023,,,"GREG  PFAFF
209 3RD AVE
PO BOX 64
ENDERLIN, ND  58027-0064",,,,,,
174,"XTREME FIRE PROTECTION, LLC | Limited Liability Company - Business - Foreign",108148,07/13/2011,0000108517,Active,Good Standing,False,False,False,False,False,Limited Liability Company - Business - Foreign,Active,Good,Good,Good,SOUTH DAKOTA,Perpetual,07/13/2011,"4102 N CLIFF AVE
SIOUX FALLS, SD 57104-5514","4102 N CLIFF AVE
SIOUX FALLS, SD 57104-5514",11/15/2023,"INCORP SERVICES, INC.
4501 COLEMAN ST
STE 102
BISMARCK, ND  58503",,,,,,,,
187,"XTTRIUM LABORATORIES, INC. | Corporation - Business - Foreign",100169,06/19/2010,0000100538,Active,Good Standing,False,False,False,False,False,Corporation - Business - Foreign,Active,Good,Good,Good,DELAWARE,Perpetual,06/19/2010,"1200 E BUSINESS CENTER DR
MT PROSPECT, IL 60056-6041","1200 E BUSINESS CENTER DR
MT PROSPECT, IL 60056-6041",05/15/2023,"INCORP SERVICES, INC.
4501 COLEMAN ST
STE 102
BISMARCK, ND  58503",,,,,,,,
175,"X-TREME FITNESS, LLC | Limited Liability Company - Business - Domestic",154348,06/17/2016,0000154722,Active,Good Standing,False,False,False,False,False,Limited Liability Company - Business - Domestic,Active,Good,Good,Good,NORTH DAKOTA,Perpetual,06/17/2016,"310 MAIN ST
LISBON, ND 58054-4140","208 6TH AVE E
LISBON, ND 58054-4610",11/15/2023,,,"SCOTT  SCHMIDT
208 6TH AVE E
LISBON, ND  58054-4610",,,,,,
171,"XTREME DRILLING, LLC | Limited Liability Company - Business - Foreign",92327,06/17/2008,0000092696,Active,Good Standing,False,False,False,False,False,Limited Liability Company - Business - Foreign,Active,Good,Good,Good,NEVADA,Perpetual,06/17/2008,"7636 WCR 10
FORT LUPTON, CO 80621","5445 COLORADO BLVD
XTREME DRILLING, LLC
DACONO, CO 80514-9421",11/15/2023,"INCORP SERVICES, INC.
4501 COLEMAN ST
STE 102
BISMARCK, ND  58503",,,,,,,,
170,X-treme Detailing llc | Limited Liability Company - Business - Domestic,333710,04/08/2022,0005856910,Active,Good Standing,False,False,False,False,False,Limited Liability Company - Business - Domestic,Active,Good,Good,Good,NORTH DAKOTA,Perpetual,04/08/2022,"961 41ST AVE W
WEST FARGO, ND 58078-8806","961 41ST AVE W
WEST FARGO, ND 58078-8840",11/15/2023,,,"WILLIAM A SIRY
961 41ST AVE W
WEST FARGO, ND  58078",,,,,,
185,Xtreme Xteriors LLC | Limited Liability Company - Business - Foreign,278474,05/02/2019,0002772735,Active,Good Standing,False,False,False,False,False,Limited Liability Company - Business - Foreign,Active,Good,Good,Good,SOUTH DAKOTA,Perpetual,05/02/2019,"26940 S SD HWY 17
JEREMY TAYLOR
SIOUX FALLS, SD 57106","26940 S SD HIGHWAY 17
JEREMY TAYLOR
SIOUX FALLS, SD 57106-8022",11/15/2023,"AAA NORTH DAKOTA REGISTERED AGENT LLC
3003 32ND AVE S STE 240
FARGO, ND  58103",,,,,,,,
168,Xtreme Carpet Cleaning LLC | Limited Liability Company - Business - Domestic,309214,02/02/2021,0005427601,Active,Good Standing,False,False,False,False,False,Limited Liability Company - Business - Domestic,Active,Good,Good,Good,NORTH DAKOTA,Perpetual,02/02/2021,"2790 5TH AVE SW
STE B
FARGO, ND 58103-2395","2790 5TH AVE SW
STE B
FARGO, ND 58103-2395",11/15/2023,,,"ALDIN  MEHUKIC
2790 5TH AVE SW
STE B
FARGO, ND  58103",,,,,,
173,"XTREME ELECTRICAL SERVICES, INC. (dba X ELECTRIC) | Corporation - Business - Foreign",106570,05/19/2011,0000106939,Active,Good Standing,False,False,False,False,False,Corporation - Business - Foreign,Active,Good,Good,Good,MINNESOTA,Perpetual,05/19/2011,"311 RAILROAD ST W
NYA, MN 55368-9774","311 RAILROAD ST W
NYA, MN 55368-9774",05/15/2023,"PARACORP INCORPORATED
1709 N 19TH ST STE 3
BISMARCK, ND  58501-2121",,,,,,,,
167,XTREME BUILDERS | Trade Name,236958,01/27/2009,0000237338,Active,Good Standing,False,False,False,False,False,Trade Name,Active,,,,,Expires - 5 years,01/27/2009,"12 MILLSTREET
PO BOX 87
PISEK, ND 58273-0087","12 MILLSTREET
PO BOX 87
PISEK, ND 58273-0087",,,,,,JOSH JELINEK,"PO BOX 87
PISEK, ND 58273-0087","GENERAL CONSTRUCTION, CONCRETE, REMODEL, ROOFING, NEW CONSTRUCTION",01/27/2024,
169,X-treme Detailing | Trade Name,309089,02/01/2021,0005426033,Active,Good Standing,False,False,False,False,False,Trade Name,Active,,,,,Expires - 5 years,02/01/2021,"961 41ST AVE W
WEST FARGO, ND 58078-8806","961 41ST AVE W
WEST FARGO, ND 58078-8840",,,,,,Will A siry,"961 41ST AVE W
WEST FARGO, ND 58078-8840",Detailing vehicles,02/01/2026,
164,Xtravagant Elegance | Trade Name,333362,04/05/2022,0005852807,Active,Good Standing,False,False,False,False,False,Trade Name,Active,,,,,Expires - 5 years,04/05/2022,"1002 EAST LASALLE DR.
BISMARCK, ND 58503","1002 E LASALLE DR
BISMARCK, ND 58503-8895",,,,,,"Xiomara A. Uribe, Ecaterina M. Quintana","1002 E LASALLE DR
BISMARCK, ND 58503-8895",luxury balloon decor for all events,04/05/2027,
166,"XTREME AUTO, INC. | Corporation - Business - Domestic",83121,06/28/2006,0000083485,Active,Good Standing,False,False,False,False,False,Corporation - Business - Domestic,Active,Good,Good,Good,NORTH DAKOTA,Perpetual,06/28/2006,"2713 HIGHWAY 281 S
JAMESTOWN, ND 58401-6611","2713 HIGHWAY 281 S
JAMESTOWN, ND 58401-6611",08/01/2023,,,"MARK L SCHUMACHER
2713 HWY 281 S
JAMESTOWN, ND  58401-6611",,,,,,
162,"XTRA PROPERTIES, LLC | Limited Liability Company - Business - Domestic",77127,10/11/2004,0000077355,Active,Good Standing,False,False,False,False,False,Limited Liability Company - Business - Domestic,Active,Good,Good,Good,NORTH DAKOTA,Perpetual,10/11/2004,"1709 25TH AVE SO
#209
SHERLEEN LARSON
FARGO, ND 58103","1709 25TH AVE S
APT 209
Sherleen Larson
FARGO, ND 58103-5359",11/15/2023,,,"Sherleen  Larson
1709 25TH AVENUE SO
# 209
FARGO, ND  58103",,,,,,
163,"Xtra-Office, Inc. | Corporation - Business - Domestic",273964,01/22/2019,0002694720,Active,Good Standing,False,False,False,False,False,Corporation - Business - Domestic,Active,Good,Good,Good,NORTH DAKOTA,Perpetual,01/22/2019,"1926 FRONTIER DRIVE
STE B
BISMARCK, ND 58504","1926 FRONTIER DR
STE B
BISMARCK, ND 58504-6950",08/01/2023,,,"TRACIE  DAY
1720 BURNT BOAT DRIVE STE 205
BISMARCK, ND  58503",,,,,,
172,XTREME ELECTRIC INC | Corporation - Business - Domestic,79268,01/14/2008,0000079498,Active,Good Standing,False,False,False,False,False,Corporation - Business - Domestic,Active,Good,Good,Good,NORTH DAKOTA,Perpetual,01/14/2008,"7611 AQUARIUS DR
FARGO, ND 58104-7926","7611 AQUARIUS DR
FARGO, ND 58104-7926",08/01/2023,,,"DEREK  WANZEK
7611 AQUARIUS DR
FARGO, ND  58104-7926",,,,,,
161,XTRA APPAREL CO LLC | Limited Liability Company - Business - Domestic,169542,06/14/2018,0000169920,Active,Good Standing,False,False,False,False,False,Limited Liability Company - Business - Domestic,Active,Good,Good,Good,NORTH DAKOTA,Perpetual,06/14/2018,"5958 66TH ST S
FARGO, ND 58104","5958 66TH ST S
FARGO, ND 58104-5643",11/15/2023,,,"NORTH DAKOTA REGISTERED AGENT SERVICES LLC
1709 N 19TH ST STE 3
BISMARCK, ND  58501-2121",,,,,,
160,XTO OFFSHORE INC. | Corporation - Business - Foreign,13614,12/18/1980,0000013762,Active,Good Standing,False,False,False,False,False,Corporation - Business - Foreign,Active,Good,Good,Good,DELAWARE,Perpetual,12/18/1980,"22777 SPRINGWOODS VILLAGE PARKWAY
SPRING, TX 77389","22777 SPRINGWOODS VILLAGE PKWY
SPRING, TX 77389-1425",05/15/2023,"CORPORATION SERVICE COMPANY
600 S 2ND ST
STE 155
BISMARCK, ND  58504",,,,,,,,
159,"XTO HOLDINGS, LLC | Limited Liability Company - Business - Foreign",171952,10/02/2018,0000172330,Active,Good Standing,False,False,False,False,False,Limited Liability Company - Business - Foreign,Active,Good,Good,Good,DELAWARE,Perpetual,10/02/2018,"22777 SPRINGWOODS VILLAGE PKWY
SPRING, TX 77389-1425","22777 SPRINGWOODS VILLAGE PKWY
SPRING, TX 77389-1425",11/15/2023,"CORPORATION SERVICE COMPANY
600 S 2ND ST
STE 155
BISMARCK, ND  58504",,,,,,,,
156,X-TECH LLC | Limited Liability Company - Business - Foreign,157057,10/19/2016,0000157433,Active,Good Standing,False,False,False,False,False,Limited Liability Company - Business - Foreign,Active,Good,Good,Good,MINNESOTA,Perpetual,10/19/2016,"10303 140TH AVE N
FELTON, MN 56536-9306","10303 140TH AVE N
FELTON, MN 56536-9306",11/15/2023,"VOGEL LAW FIRM, LTD.
218 NP AVE
PO BOX 1389
FARGO, ND  58107",,,,,,,,
189,"XYLEM DEWATERING SOLUTIONS, INC. | Corporation - Business - Foreign",138231,08/01/2014,0000138604,Active,Good Standing,False,False,False,False,False,Corporation - Business - Foreign,Active,Good,Good,Good,NEW JERSEY,Perpetual,08/01/2014,"84 FLOODGATE RD
BRIDGEPORT, NJ 08014-1001","1 INTERNATIONAL DR
RYE BROOK, NY 10573-1058",05/15/2023,"C T CORPORATION SYSTEM
120 W SWEET AVE
BISMARCK, ND  58504",,,,,,,,
157,X-terior Solutions | Trade Name,308363,02/22/2021,0005407945,Active,Good Standing,False,False,False,False,False,Trade Name,Active,,,,,Expires - 5 years,02/22/2021,"1006 6TH ST NW
MANDAN, ND 58554","1006 6TH ST NW
MANDAN, ND 58554-2419",,,,,,Travis c Toepke,"1006 6TH ST NW
MANDAN, ND 58554-2419",Siding Windows Doors Soffit and Fascia,02/22/2026,
19,"RXO Last Mile, Inc. | Corporation - Business - Foreign",90563,01/31/2008,0000090931,Active,Good Standing,False,False,False,False,False,Corporation - Business - Foreign,Active,Good,Good,Good,GEORGIA,Perpetual,01/31/2008,"1851 W OAK PKWY
STE 100
MARIETTA, GA 30062-2285","11215 N COMMUNITY HOUSE RD
CHARLOTTE, NC 28277-4960",05/15/2023,"REGISTERED AGENT SOLUTIONS, INC.
1709 N 19TH ST STE 3
BISMARCK, ND  58501-2121",,,,,,,,
152,XSTREAM CLEAN CAR WASH | Trade Name,328417,01/20/2022,0005767677,Active,Good Standing,False,False,False,False,False,Trade Name,Active,,,,,Expires - 5 years,01/20/2022,"11155 56TH ST SE
DARIN KARLGAARD
LITCHVILLE, ND 58461","11155 56TH ST SE
DARIN KARLGAARD
LITCHVILLE, ND 58461-9511",,,,,,"KARLGAARD ENTERPRISES, LLC","11155 56TH ST SE
LITCHVILLE, ND 58461-9511",STAND ALONE AUTOMATIC AND SELF SERVE CAR WASH BUSINESS,01/20/2027,
151,XSIDING XTERIORS LLC | Limited Liability Company - Business - Domestic,91770,04/24/2008,0000092139,Active,Good Standing,False,False,False,False,False,Limited Liability Company - Business - Domestic,Active,Good,Good,Good,NORTH DAKOTA,Perpetual,04/24/2008,"15075 56TH ST SE
LEONARD, ND 58052-9405","15075 56TH ST SE
LEONARD, ND 58052-9405",11/15/2023,,,"DALE  PIETRUSZEWSKI
15075 56TH ST SE
LEONARD, ND  58052-9405",,,,,,
17,RingSquared Telecom LLC | Limited Liability Company - Business - Foreign,146367,06/10/2015,0000146740,Active,Good Standing,False,False,False,False,False,Limited Liability Company - Business - Foreign,Active,Good,Good,Good,DELAWARE,Perpetual,06/10/2015,"3001 DALLAS PARKWAY
SUITE 610
FRISCO, TX 75034","3001 DALLAS PKWY
STE 610
FRISCO, TX 75034-7395",11/15/2023,"CORPORATION SERVICE COMPANY
600 S 2ND ST
STE 155
BISMARCK, ND  58504",,,,,,,,
149,XS AUTOMATION | Trade Name,254941,01/27/2014,0000255321,Active,Good Standing,False,False,False,False,False,Trade Name,Active,,,,,Expires - 5 years,01/27/2014,"9175 76TH AVE NW
BOWBELLS, ND 58721-9330","9175 76TH AVE NW
BOWBELLS, ND 58721-9330",,,,,,JEROME M HINDS,"9175 76TH AVE NW
BOWBELLS, ND 58721-9330",CONSULTING ON AUTOMATION DEVELOPMENT FOR SMALL COMPANIES,01/27/2024,
153,"XSTREAM PROPERTIES, LLP | Limited Liability Partnership - Domestic",180186,12/30/2002,0000180566,Active,Good Standing,False,False,True,True,False,Limited Liability Partnership - Domestic,Active,Good,Good,Good,NORTH DAKOTA,Perpetual,12/30/2002,"75 COUNTRY CLUB DR.
BISMARCK, ND 58501","75 COUNTRY CLUB DR
BISMARCK, ND 58501-9374",03/31/2023,,01/01/2003,"LYNN  JOHNSTON
1422 E BROADWAY
BISMARCK, ND  58501-4664",,,,,,
147,XRQ CORP. | Corporation - Business - Foreign,321246,09/27/2021,0005595152,Active,Not Good Standing,False,False,True,True,False,Corporation - Business - Foreign,Active,Not Good,Good,Good,CALIFORNIA,Perpetual,09/27/2021,"3600 ALLISON DRIVE
ROSEVILLE, CA 95661","3600 ALLISON DR
ROSEVILLE, CA 95661-5901",05/16/2022,"NORTHWEST REGISTERED AGENT SERVICE, INC.
3003 32ND AVE S STE 240
FARGO, ND  58103-6118",,,,,,,,
148,"XRT, LLC | Limited Liability Company - Business - Foreign",347501,11/16/2022,0006068093,Active,Good Standing,False,False,False,False,False,Limited Liability Company - Business - Foreign,Active,Good,Good,Good,MISSOURI,Perpetual,11/16/2022,"2505 PACE BEND RD S
PACE BEND RD S
SPICEWOOD, TX 78669","2505 PACE BEND RD S
SPICEWOOD, TX 78669-2610",11/15/2023,"CORPORATE CREATIONS NETWORK INC.
1709 N 19TH ST #3
BISMARCK, ND  58501-2121",,,,,,,,
145,"XR Solutions, LLC | Limited Liability Company - Business - Domestic",341094,07/26/2022,0005945632,Active,Good Standing,False,False,False,False,False,Limited Liability Company - Business - Domestic,Active,Good,Good,Good,NORTH DAKOTA,Perpetual,07/26/2022,"5630 34TH AVENUE SOUTH
SUITE 120
FARGO, ND 58104","5630 34TH AVE S
STE 120
FARGO, ND 58104-7885",11/15/2023,"Montgomery & Pender, P.C.
5630 34TH AVE S
STE 120
FARGO, ND  58104",,,,,,,,
155,"XTDIRECT, LLC | Limited Liability Company - Business - Foreign",310465,02/24/2021,0005445845,Active,Not Good Standing,False,False,True,True,False,Limited Liability Company - Business - Foreign,Active,Not Good,Good,Good,NEBRASKA,Perpetual,02/24/2021,"950 S 10TH ST
STE 70
MARK ROLLAG
OMAHA, NE 68108","950 S 10TH ST
STE 70
MARK ROLLAG
OMAHA, NE 68108-3341",11/15/2022,"AAA NORTH DAKOTA REGISTERED AGENT LLC
3003 32ND AVE S STE 240
FARGO, ND  58103",,,,,,,,
143,XPT Specialty | Trade Name,345737,09/28/2022,0006042100,Active,Good Standing,False,False,False,False,False,Trade Name,Active,,,,,Expires - 5 years,09/28/2022,"50 BREWERY STREET
SUITE 8476
NEW HAVEN, CT 06530","50 BREWERY ST UNIT 8476
NEW HAVEN, CT 06530-7719",,,,,,"XPT Partners, LLC","50 BREWERY STREET
SUITE 8476
NEW HAVEN, CT 06530",Insurance Sales and Services,09/28/2027,
142,"XPT Partners, LLC | Limited Liability Company - Business - Foreign",299621,07/28/2020,0005216693,Active,Good Standing,False,False,False,False,False,Limited Liability Company - Business - Foreign,Active,Good,Good,Good,DELAWARE,Perpetual,07/28/2020,"50 BREWERY STREET
SUITE 8476
NEW HAVEN, CT 06530","4965 PRESTON PARK BLVD
STE 650
PLANO, TX 75093-8319",11/15/2023,"3H AGENT SERVICES, INC.
1213 NP AVE N
STE 301
FARGO, ND  58102",,,,,,,,
150,"XS DAKOTA, LLC | Limited Liability Company - Business - Domestic",151835,02/18/2016,0000152209,Active,Good Standing,False,False,False,False,False,Limited Liability Company - Business - Domestic,Active,Good,Good,Good,NORTH DAKOTA,Perpetual,02/18/2016,"4200 24TH AVENUE N
FARGO, ND 58102","PO BOX 9435
FARGO, ND 58106-9435",11/15/2023,"JAMES R. BULLIS, P.C.
3280 VETERANS BLVD
STE 303
FARGO, ND  58104",,,,,,,,
165,Xtreme Auto Detailz | Trade Name,337680,06/15/2022,0005917675,Active,Good Standing,False,False,False,False,False,Trade Name,Active,,,,,Expires - 5 years,06/15/2022,"660 BIRCH CT
GRAFTON, ND 58237","660 BIRCH CT
GRAFTON, ND 58237-1731",,,,,,Scott A Kraft,"660 BIRCH CT
GRAFTON, ND 58237-1731",Auto detailing,06/15/2027,
139,"XPRESSDOCS GP, LLC | Limited Liability Company - Business - Foreign",173609,12/06/2018,0000173989,Active,Good Standing,False,False,False,False,False,Limited Liability Company - Business - Foreign,Active,Good,Good,Good,DELAWARE,Perpetual,12/06/2018,"1301 NE LOOP 820
FORT WORTH, TX 76131","1301 NE LOOP 820
FORT WORTH, TX 76131-1522",11/15/2023,"CORPORATION SERVICE COMPANY
600 S 2ND ST
STE 155
BISMARCK, ND  58504",,,,,,,,
158,XTO ENERGY INC. | Corporation - Business - Foreign,76644,05/29/2008,0000076872,Active,Good Standing,False,False,False,False,False,Corporation - Business - Foreign,Active,Good,Good,Good,DELAWARE,Perpetual,05/29/2008,"22777 SPRINGWOODS VILLAGE PARKWAY
SPRING, TX 77389","22777 SPRINGWOODS VILLAGE PKWY
SPRING, TX 77389-1425",05/15/2023,"CORPORATION SERVICE COMPANY
600 S 2ND ST
STE 155
BISMARCK, ND  58504",,,,,,,,
137,XPRESS MONEY | Trade Name,265494,09/27/2016,0000265874,Active,Good Standing,False,False,False,False,False,Trade Name,Active,,,,,Expires - 5 years,09/27/2016,"33 WOOD AVENUE SOUTH, SUITE 600
ISELIN, NJ 08830","33 WOOD AVE S
STE 600
ISELIN, NJ 08830-2717",,,,,,MONEYDART GLOBAL SERVICES INC.,"33 WOOD AVE. S
SUITE 600
ISELIN, NJ 08830",FINANCIAL SERVICES (MONEY TRANSMITTER),09/27/2026,
136,XPRESS BLASTING LLC | Limited Liability Company - Business - Foreign,159148,04/05/2017,0000159524,Active,Good Standing,False,False,False,False,False,Limited Liability Company - Business - Foreign,Active,Good,Good,Good,MINNESOTA,Perpetual,04/05/2017,"1622 13TH AVE SE
EAST GRAND FORKS, MN 56721-3213","1622 13TH AVE SE
EAST GRAND FORKS, MN 56721-3213",11/15/2023,,,"WILLIAM  FRANKLIN
2268 21ST AVE NE
MEKINOCK, ND  58258-9636",,,,,,
138,Xpress Painting Solutions LLC | Limited Liability Company - Business - Domestic,342668,08/23/2022,0005969887,Active,Good Standing,False,False,False,False,False,Limited Liability Company - Business - Domestic,Active,Good,Good,Good,NORTH DAKOTA,Perpetual,08/23/2022,"619 W ROSSER AVE.
BISMARCK, ND 58501","619 W ROSSER AVE
BISMARCK, ND 58501-3781",11/15/2023,,,"Jesse  Gwinn
2843 HAWKEN ST
1
BISMARCK, ND  58503",,,,,,
134,XPON INTERNATIONAL LLC | Limited Liability Company - Business - Domestic,169931,07/02/2018,0000170309,Active,Good Standing,False,False,False,False,False,Limited Liability Company - Business - Domestic,Active,Good,Good,Good,NORTH DAKOTA,Perpetual,07/02/2018,"4609 MARIE ST
BELTSVILLE, MD 20705-2917","4609 MARIE ST
BELTSVILLE, MD 20705-2917",11/15/2023,"LEGALINC CORPORATE SERVICES INC.
1709 N 19TH ST
STE 3
BISMARCK, ND  58501",,,,,,,,
135,XPONET (dba XPONET CORPORATION) | Corporation - Business - Foreign,159971,03/22/2017,0000160347,Active,Good Standing,False,False,False,False,False,Corporation - Business - Foreign,Active,Good,Good,Good,NEVADA,Perpetual,03/22/2017,"8350 PARKLINE BLVD, SUITE 1-3
LUTHER TUPPONCE
ORLANDO, FL 32809","8350 PARKLINE BLVD
STE 1-3
LUTHER TUPPONCE
ORLANDO, FL 32809-8133",05/15/2023,"INCORP SERVICES, INC.
4501 COLEMAN ST
STE 102
BISMARCK, ND  58503",,,,,,,,
132,XPI LLC | Limited Liability Company - Business - Domestic,107567,06/20/2011,0000107936,Active,Not Good Standing,False,False,True,True,False,Limited Liability Company - Business - Domestic,Active,Not Good,Good,Good,NORTH DAKOTA,Perpetual,06/20/2011,"1607 AMERICAN WAY S
FARGO, ND 58103","1607 AMERICAN WAY S
FARGO, ND 58103-5506",11/15/2022,,,"ERIC  OLSON
915 4TH AVE S
FARGO, ND  58103-1714",,,,,,
144,Xquisite Construction LLC | Limited Liability Company - Business - Foreign,282230,07/17/2019,0002853122,Active,Good Standing,False,False,False,False,False,Limited Liability Company - Business - Foreign,Active,Good,Good,Good,MINNESOTA,Perpetual,07/17/2019,"20755 COUNTY HWY 29
ROCHERT, MN 56578","20755 COUNTY HIGHWAY 29
ROCHERT, MN 56578",11/15/2023,,,"BRYCE ANDERSON & ASSOCIATES, PLLC
1461 BROADWAY N
STE 103
FARGO, ND  58102",,,,,,
18,"RXO Corporate Solutions, LLC | Limited Liability Company - Business - Foreign",337397,06/10/2022,0005914988,Active,Good Standing,False,False,False,False,False,Limited Liability Company - Business - Foreign,Active,Good,Good,Good,DELAWARE,Perpetual,06/10/2022,"11215 N. COMMUNITY HOUSE ROAD
CHARLOTTE, NC 28277","2055 NW SAVIER ST
PORTLAND, OR 97209-1770",11/15/2023,"REGISTERED AGENT SOLUTIONS, INC.
1709 N 19TH ST STE 3
BISMARCK, ND  58501-2121",,,,,,,,
131,"Xpert Xteriors, LLC | Limited Liability Company - Business - Domestic",291576,01/28/2020,0003036205,Active,Good Standing,False,False,False,False,False,Limited Liability Company - Business - Domestic,Active,Good,Good,Good,NORTH DAKOTA,Perpetual,01/28/2020,"1531 SUNTREE DR
WEST FARGO, ND 58078","1531 SUNTREE DR
WEST FARGO, ND 58078-4506",11/15/2023,,,"PHILIP L MAENZA
1531 SUNTREE DR
WEST FARGO, ND  58078",,,,,,
128,"Xperience Title, LLC | Limited Liability Company - Business - Foreign",304915,11/06/2020,0005328786,Active,Good Standing,False,False,False,False,False,Limited Liability Company - Business - Foreign,Active,Good,Good,Good,LOUISIANA,Perpetual,11/06/2020,"201 ST CHARLES AVENUE
STE 2500
NEW ORLEANS, LA 70130","201 SAINT CHARLES AVE
STE 2500
NEW ORLEANS, LA 70170-2500",11/15/2023,"COGENCY GLOBAL INC.
120 W SWEET AVE STE 9
BISMARCK, ND  58504",,,,,,,,
127,Xperience Investments LLC | Limited Liability Company - Business - Domestic,352546,02/06/2023,0006184608,Active,Good Standing,False,False,False,False,False,Limited Liability Company - Business - Domestic,Active,Good,Good,Good,NORTH DAKOTA,Perpetual,02/06/2023,"1018 26TH STREET NW
FARGO, ND 58102","1018 26TH ST N
FARGO, ND 58102-3127",11/15/2024,,,"DELSON  SAINTAL
1781 39TH ST S
APT 308
FARGO, ND  58103",,,,,,
126,XPERIENCE HEALTH & FITNESS LLC | Limited Liability Company - Business - Domestic,86448,04/17/2007,0000086814,Active,Good Standing,False,False,False,False,False,Limited Liability Company - Business - Domestic,Active,Good,Good,Good,NORTH DAKOTA,Perpetual,04/17/2007,"10338 152ND AVE NE
BATHGATE, ND 58216","10338 152ND AVE NE
BATHGATE, ND 58216-9618",11/15/2023,,,"DARCY D REIS
442 JEROME ST
PEMBINA, ND  58271",,,,,,
146,"X-RAY LIMA TANGO, LLC | Limited Liability Company - Business - Domestic",160766,04/28/2017,0000161142,Active,Good Standing,False,False,False,False,False,Limited Liability Company - Business - Domestic,Active,Good,Good,Good,NORTH DAKOTA,Perpetual,04/28/2017,"218 1ST AVE S
JAMESTOWN, ND 58401","218 1ST AVE S
JAMESTOWN, ND 58401-4153",11/15/2023,,,"CORY  KUNERTH
218 1ST AVE S
JAMESTOWN, ND  58401",,,,,,
124,Xperience Barbers LLC | Limited Liability Company - Business - Domestic,333623,04/19/2022,0005856034,Active,Good Standing,False,False,False,False,False,Limited Liability Company - Business - Domestic,Active,Good,Good,Good,NORTH DAKOTA,Perpetual,04/19/2022,"1617 32ND AVE S
STE H
TAILOR MADE BARBER STUDIO
FARGO, ND 58103","1018 26TH ST N
DELSON SAINTAL
FARGO, ND 58102-3127",11/15/2023,,,"DELSON  SAINTAL
1781 39TH ST S
APT 308
FARGO, ND  58103",,,,,,
129,Xpert Drywall llc | Limited Liability Company - Business - Domestic,282517,08/08/2019,0002857167,Active,Good Standing,False,False,False,False,False,Limited Liability Company - Business - Domestic,Active,Good,Good,Good,NORTH DAKOTA,Perpetual,08/08/2019,"3003 32ND AVE. S. STE 240
FARGO, ND 58103","3003 32ND AVE S
STE 240
FARGO, ND 58103-6118",11/15/2023,"NORTHWEST REGISTERED AGENT SERVICE, INC.
3003 32ND AVE S STE 240
FARGO, ND  58103-6118",,,,,,,,
122,XP SYSTEMS CORPORATION | Corporation - Business - Foreign,49020,01/20/1999,0000049228,Active,Good Standing,False,False,False,False,False,Corporation - Business - Foreign,Active,Good,Good,Good,MINNESOTA,Perpetual,01/20/1999,"405 SCIENCE DR
MOORPARK, CA 93021-2247","PO BOX 979
BROOKFIELD, WI 53008-0979",05/15/2023,"CORPORATION SERVICE COMPANY
600 S 2ND ST
STE 155
BISMARCK, ND  58504",,,,,,,,
121,"XOXO, PHOENIIX LLC | Limited Liability Company - Business - Domestic",323422,10/13/2021,0005664534,Active,Good Standing,False,False,False,False,False,Limited Liability Company - Business - Domestic,Active,Good,Good,Good,NORTH DAKOTA,Perpetual,10/13/2021,"4421 12TH ST W APT 107
DICKINSON, ND 58601","4421 12TH ST W
APT 107
DICKINSON, ND 58601-6788",11/15/2023,,,"STACY  THOMAS
4421 12TH ST W
APT 107
DICKINSON, ND  58601",,,,,,
133,"XPO Logistics Freight, Inc. | Corporation - Business - Foreign",45656,07/21/1995,0000045863,Active,Good Standing,False,False,False,False,False,Corporation - Business - Foreign,Active,Good,Good,Good,DELAWARE,Perpetual,07/21/1995,"2211 OLD EARHART RD
ANN ARBOR, MI 48105-2963","2055 NW SAVIER ST
TAX DEPARTMENT
PORTLAND, OR 97209-1770",05/15/2023,"REGISTERED AGENT SOLUTIONS, INC.
1709 N 19TH ST STE 3
BISMARCK, ND  58501-2121",,,,,,,,
130,XPERT ENTERPRISES LLC | Limited Liability Company - Business - Domestic,154896,07/01/2016,0000155270,Active,Good Standing,False,False,False,False,False,Limited Liability Company - Business - Domestic,Active,Good,Good,Good,NORTH DAKOTA,Perpetual,07/01/2016,"2609 HERITAGE DR
MINOT, ND 58703-1660","2609 HERITAGE DR
MINOT, ND 58703-1660",11/15/2023,,,"RACHAEL  NADEAU
2609 HERITAGE DR
MINOT, ND  58703-1660",,,,,,
118,XOME REALTY SERVICES LLC | Limited Liability Company - Business - Foreign,123678,01/11/2013,0000124048,Active,Good Standing,False,False,False,False,False,Limited Liability Company - Business - Foreign,Active,Good,Good,Good,DELAWARE,Perpetual,01/11/2013,"750 HIGHWAY 121 BYP
SUITE 100
LEWISVILLE, TX 75067-8174","750 STATE HIGHWAY 121 BYP
STE 100
LEWISVILLE, TX 75067-8199",11/15/2023,"CORPORATION SERVICE COMPANY
600 S 2ND ST
STE 155
BISMARCK, ND  58504",,,,,,,,
117,XOME INC. | Corporation - Business - Foreign,125299,03/05/2013,0000125669,Active,Good Standing,False,False,False,False,False,Corporation - Business - Foreign,Active,Good,Good,Good,DELAWARE,Perpetual,03/05/2013,"750 STATE HIGHWAY 121 BYP
STE 100
LEWISVILLE, TX 75067","750 STATE HIGHWAY 121 BYP
STE 100
LEWISVILLE, TX 75067-8199",05/15/2023,"CORPORATION SERVICE COMPANY
600 S 2ND ST
STE 155
BISMARCK, ND  58504",,,,,,,,
119,XOME VALUATIONS | Trade Name,273234,10/29/2018,0000273614,Active,Good Standing,False,False,False,False,False,Trade Name,Active,,,,,Expires - 5 years,10/29/2018,"444 E WASHINGTON ST
INDIANAPOLIS, IN 46204-2609","444 E WASHINGTON ST
INDIANAPOLIS, IN 46204-2609",,,,,,"Voxtur Appraisal Services, LLC","5404 CYPRESS CENTER DR
STE 300
TAMPA, FL 33609",REAL ESTATE APPRAISAL MANAGEMENT,10/29/2023,
115,XO SKINCARE LLC | Limited Liability Company - Business - Domestic,335837,05/19/2022,0005884093,Active,Good Standing,False,False,False,False,False,Limited Liability Company - Business - Domestic,Active,Good,Good,Good,NORTH DAKOTA,Perpetual,05/19/2022,"625 15TH ST SE
51
JULIZA ANDRADE
MINOT, ND 58701","625 15TH ST SE LOT 51
JULIZA
MINOT, ND 58701-4986",11/15/2023,,,"ANABEL  ANDRADE
503 19TH ST SE
MINOT, ND  58701-4153",,,,,,
123,Xperience Barbers | Trade Name,309601,02/09/2021,0005432375,Active,Good Standing,False,False,False,False,False,Trade Name,Active,,,,,Expires - 5 years,02/09/2021,"1617 32ND AVE S
H
TAILOR MADE BARBER STUDIO
FARGO, ND 58103","1781 39TH ST S
APT 308
DELSON SAINTAL
FARGO, ND 58103-7178",,,,,,Delson Saintal,"1018 26TH ST N
DELSON SAINTAL
FARGO, ND 58102-3127","The practice of barbering as defined in ND Century Code 43-04-01 including but not limited to trimming, cutting, and styling of hair.",02/09/2026,
140,"XPRESSDOCS PARTNERS, LTD. (dba XPRESSDOCS PARTNERS, LTD., A TEXAS LP) | Limited Partnership - Foreign",188181,12/06/2018,0000188561,Active,Good Standing,False,False,True,True,False,Limited Partnership - Foreign,Active,Good,Good,Good,TEXAS,Perpetual,12/06/2018,"1301 NE LOOP 820
FORT WORTH, TX 76131","1301 NE LOOP 820
FORT WORTH, TX 76131-1522",03/31/2023,"CORPORATION SERVICE COMPANY
600 S 2ND ST
STE 155
BISMARCK, ND  58504",,,,,,,,
112,XN FINANCIAL SERVICES INC. | Corporation - Business - Foreign,85802,02/06/2007,0000086167,Active,Good Standing,False,False,False,False,False,Corporation - Business - Foreign,Active,Good,Good,Good,FLORIDA,Perpetual,02/06/2007,"2424 N FEDERAL HWY STE 314
DENISE FIGUEROA
BOCA RATON, FL 33431-7780","2424 N FEDERAL HWY
STE 314
BOCA RATON, FL 33431-7780",05/15/2023,"REGISTERED AGENT SOLUTIONS, INC.
1709 N 19TH ST STE 3
BISMARCK, ND  58501-2121",,,,,,,,
120,XOXO L.L.C. | Limited Liability Company - Business - Domestic,315910,05/26/2021,0005523477,Active,Not Good Standing,False,False,True,True,False,Limited Liability Company - Business - Domestic,Active,Not Good,Good,Good,NORTH DAKOTA,Perpetual,05/26/2021,"1369 14TH ST W
APT 8
DICKINSON, ND 58601","1369 14TH ST W
APT 8
DICKINSON, ND 58601-2885",11/15/2022,"Registered Agents Inc
3003 32ND AVE S STE 240
FARGO, ND  58108",05/30/2021,,,,,,,
141,"XPRESSDOCS PARTNERS, LTD., A TEXAS LP | Fictitious Partnership Name",196642,12/06/2018,0000197022,Active,Good Standing,False,False,False,False,False,Fictitious Partnership Name,Active,,,,,Expires - 5 years,12/06/2018,"4901 N BEACH ST
FORT WORTH, TX 76137-3404",,,,,,,"XPRESSDOCS PARTNERS, LTD.",,,12/06/2023,
116,XOME FIELD SERVICES LLC | Limited Liability Company - Business - Foreign,116177,06/25/2014,0000116547,Active,Good Standing,False,False,False,False,False,Limited Liability Company - Business - Foreign,Active,Good,Good,Good,DELAWARE,Perpetual,06/25/2014,"525 GRAND REGENCY BLVD
BRANDON,, FL 33510","525 GRAND REGENCY BLVD
BRANDON, FL 33510-3932",11/15/2023,"CORPORATION SERVICE COMPANY
600 S 2ND ST
STE 155
BISMARCK, ND  58504",,,,,,,,
110,XM42 | Trade Name,343629,09/08/2022,0006023021,Active,Good Standing,False,False,False,False,False,Trade Name,Active,,,,,Expires - 5 years,09/08/2022,"5201 GATEWAY DRIVE
UNIT 2
GRAND FORKS, ND 58203","5201 GATEWAY DR
STE 2
GRAND FORKS, ND 58203-1104",,,,,,ROUGHRIDER ARMS LLC,"5201 GATEWAY DR
STE 2
GRAND FORKS, ND 58203-1111",Assembly and retail or wholesale of consumer sporting goods.,09/08/2027,
107,XLT Transport | Trade Name,280560,06/07/2019,0002831383,Active,Good Standing,False,False,False,False,False,Trade Name,Active,,,,,Expires - 5 years,06/07/2019,"218 1ST AVE S
JAMESTOWN, ND 58401","218 1ST AVE S
JAMESTOWN, ND 58401",,,,,,"X-RAY LIMA TANGO, LLC","218 1ST AVE S
JAMESTOWN, ND 58401",Transport building supplies,06/07/2024,
114,"XO COMMUNICATIONS SERVICES, LLC | Limited Liability Company - Business - Foreign",66466,08/13/2004,0000066683,Active,Good Standing,False,False,False,False,False,Limited Liability Company - Business - Foreign,Active,Good,Good,Good,DELAWARE,Perpetual,08/13/2004,"ONE VERIZON WAY
BASKING RIDGE, NJ 07920","1 VERIZON WAY
BASKING RIDGE, NJ 07920-1025",11/15/2023,"C T CORPORATION SYSTEM
120 W SWEET AVE
BISMARCK, ND  58504",,,,,,,,
108,XLXF LLC | Limited Liability Company - Business - Domestic,328530,01/24/2022,0005769264,Active,Good Standing,False,False,False,False,False,Limited Liability Company - Business - Domestic,Active,Good,Good,Good,NORTH DAKOTA,Perpetual,01/24/2022,"901 42ND ST S
APT 213
FARGO, ND 58103","901 42ND ST S
APT 213
FARGO, ND 58103-2156",11/15/2023,,,"KIER  FUNKHOUSER
901 42ND ST S
APT 213
FARGO, ND  58103",,,,,,
106,XLT TAXI | Trade Name,270532,02/21/2018,0000270912,Active,Good Standing,False,False,True,True,False,Trade Name,Active,,,,,Expires - 5 years,02/21/2018,"461 1ST ST W
JAMESTOWN, ND 58401-4001","461 1ST ST W
JAMESTOWN, ND 58401-4001",,,,,,"X-RAY LIMA TANGO, LLC","218 1ST AVE S
JAMESTOWN, ND 58401",TAXI CAB SERVICE,02/21/2023,
125,XPERIENCE HEALTH & FITNESS | Trade Name,231746,07/24/2006,0000232126,Active,Good Standing,False,False,False,False,False,Trade Name,Active,,,,,Expires - 5 years,07/24/2006,"911 NORTH MAIN STREET
DARCY REIS
DRAYTON, ND 58225","10338 152ND AVE NE
DARCY REIS
BATHGATE, ND 58216-9618",,,,,,XPERIENCE HEALTH & FITNESS LLC,"10338 152ND AVE NE
BATHGATE, ND 58216",FITNESS FACILITY WITH WELLNESS CONSULTING & PERSONAL TRAINING,07/24/2026,
105,XLT Pack and Ship | Trade Name,347215,10/25/2022,0006063334,Active,Good Standing,False,False,False,False,False,Trade Name,Active,,,,,Expires - 5 years,10/25/2022,"218 FIRST AVE SOUTH
JAMESTOWN, ND 58401","218 1ST AVE S
JAMESTOWN, ND 58401-4153",,,,,,"X-RAY LIMA TANGO, LLC","218 1ST AVE S
JAMESTOWN, ND 58401",Pack and ship store.   Pack and ship packages using several different delivery services.,10/25/2027,
154,Xstreme MD | Trade Name,275471,02/20/2019,0002708816,Active,Good Standing,False,False,False,False,False,Trade Name,Active,,,,,Expires - 5 years,02/20/2019,"1028 FORUM DR
BROUSSARD, LA 70518","1028 FORUM DR
BROUSSARD, LA 70518",,,,,,"LIFE LINE TECHNOLOGIES, LLC","1028 FORUM DR
GRAYSON J LACOMBE
BROUSSARD, LA 70518",medical clinic,02/20/2024,
111,xmodn security LLC | Limited Liability Company - Business - Domestic,279692,05/15/2019,0002794925,Active,Good Standing,False,False,False,False,False,Limited Liability Company - Business - Domestic,Active,Good,Good,Good,NORTH DAKOTA,Perpetual,05/15/2019,"3003 32ND AVE S STE 240
FARGO, ND 58108","3003 32ND AVE S
STE 240
FARGO, ND 58103-6118",11/15/2023,"Registered Agents Inc
3003 32ND AVE S STE 240
FARGO, ND  58108",,,,,,,,
101,XL LOGISTICS LLC | Limited Liability Company - Business - Domestic,290974,01/13/2020,0003016450,Active,Not Good Standing,False,False,True,True,False,Limited Liability Company - Business - Domestic,Active,Not Good,Good,Good,NORTH DAKOTA,Expires,01/13/2020,"1323 23RD ST S
FARGO, ND 58103","1323 23RD ST S
STE K APT 104
FARGO, ND 58103-3759",11/15/2022,,,"MOHAMED  GARAAR
1323 23RD ST S
STE K
FARGO, ND  58103",,,,,12/31/2050,
103,"XLHome, P.C. (dba Home Health Assessments of North Dakota, P.C.) | Corporation - Professional - Foreign",294747,04/07/2020,0003118500,Active,Good Standing,False,False,True,True,False,Corporation - Professional - Foreign,Active,Good,Good,Good,MARYLAND,Perpetual,04/07/2020,"6675 BUSINESS PARKWAY
STE F
ELKRIDGE, MD 21075","6675 BUSINESS PARKWAY
STE F
ELKRIDGE, MD 21075",,"C T CORPORATION SYSTEM
120 W SWEET AVE
BISMARCK, ND  58504",,,,,,,,
99,"XL HOMES, CORP. | Corporation - Business - Domestic",47640,05/24/1996,0000047848,Active,Good Standing,False,False,False,False,False,Corporation - Business - Domestic,Active,Good,Good,Good,NORTH DAKOTA,Perpetual,05/24/1996,"2517 MEMORIAL HWY
MANDAN, ND 58554-4628","2517 MEMORIAL HWY
MANDAN, ND 58554-4628",08/01/2023,,,"DAN  MASSETH
2695 28TH ST
MANDAN, ND  58554-8005",,,,,,
98,XL Farms | Trade Name,293283,03/04/2020,0003069778,Active,Good Standing,False,False,False,False,False,Trade Name,Active,,,,,Expires - 5 years,03/04/2020,"14079 41ST ST NW
ALEXANDER, ND 58831","14079 41ST ST NW
ALEXANDER, ND 58831-8719",,,,,,,,Farm trucking,03/04/2025,"Corey K Getzlaff
14079 41ST ST NW
ALEXANDER, ND 58831-8719"
97,Xkulsiv Kickz LLC | Limited Liability Company - Business - Domestic,326725,12/13/2021,0005732815,Active,Not Good Standing,False,False,True,True,False,Limited Liability Company - Business - Domestic,Active,Not Good,Good,Good,NORTH DAKOTA,Perpetual,12/13/2021,"3140 BLUESTEM DR. #301
WEST FARGO, ND 58078","3140 BLUESTEM DR
STE 301
WEST FARGO, ND 58078-8011",11/15/2022,"USCA, INC.
1709 N 19TH ST
STE 3
BISMARCK, ND  58501",,,,,,,,
94,"XILAJU, LLC | Limited Liability Company - Business - Domestic",337322,06/09/2022,0005914329,Active,Good Standing,False,False,False,False,False,Limited Liability Company - Business - Domestic,Active,Good,Good,Good,NORTH DAKOTA,Perpetual,06/09/2022,"1935 HARBOR DRIVE
BISMARCK, ND 58504","1935 HARBOR DR
BISMARCK, ND 58504-8977",11/15/2023,,,"JUAN  ULLOA
1935 HARBOR DR
BISMARCK, ND  58504",,,,,,
95,"XIPHOS TECHNICAL SERVICES, LLC | Limited Liability Company - Business - Domestic",136423,05/12/2014,0000136795,Active,Good Standing,False,False,False,False,False,Limited Liability Company - Business - Domestic,Active,Good,Good,Good,NORTH DAKOTA,Perpetual,05/12/2014,"198 BERTHOLD ST
PLAZA, ND 58771-0008","PO BOX 8
PLAZA, ND 58771-0008",11/15/2023,,,"DARIN K POWELL
198 BERTHOLD ST
PO BOX 8
PLAZA, ND  58771-0008",,,,,,
92,"XIE XIE, LLC | Limited Liability Company - Business - Domestic",74042,03/28/2003,0000074263,Active,Good Standing,False,False,False,False,False,Limited Liability Company - Business - Domestic,Active,Good,Good,Good,NORTH DAKOTA,Perpetual,03/28/2003,"317 BROADWAY N
FARGO, ND 58102-4714","317 BROADWAY N
FARGO, ND 58102-4714",11/15/2023,,,"CINDY  O'DAY
2991 PETERSON PKWY NE
FARGO, ND  58102-1752",,,,,,
102,"XL TRANSPORT, LLC | Limited Liability Company - Business - Domestic",123072,12/04/2012,0000123442,Active,Good Standing,False,False,False,False,False,Limited Liability Company - Business - Domestic,Active,Good,Good,Good,NORTH DAKOTA,Perpetual,12/04/2012,"14079 41ST ST NW
ALEXANDER, ND 58831-8719","14079 41ST ST NW
ALEXANDER, ND 58831-8719",11/15/2023,,,"COREY  GETZLAFF
14079 41ST ST NW
ALEXANDER, ND  58831-8719",,,,,,
100,"XL INDUSTRIAL SERVICES, INC. | Corporation - Business - Foreign",136264,05/06/2014,0000136636,Active,Good Standing,False,False,False,False,False,Corporation - Business - Foreign,Active,Good,Good,Good,INDIANA,Perpetual,05/06/2014,"1920 N 400 W
LA PORTE, IN 46350-2131","1920 N 400 W
LA PORTE, IN 46350-2131",05/15/2023,"CORPORATION SERVICE COMPANY
600 S 2ND ST
STE 155
BISMARCK, ND  58504",,,,,,,,
109,"XM ACRES, LLP | Limited Liability Partnership - Domestic",316181,05/28/2021,0005525442,Active,Good Standing,False,False,True,True,False,Limited Liability Partnership - Domestic,Active,Good,Good,Good,NORTH DAKOTA,Perpetual,05/28/2021,"216 1ST ST SE
TAPPEN, ND 58487","216 1ST ST SE
TAPPEN, ND 58487-8708",03/31/2023,,,"MICHAEL  BERG
216 1ST ST SE
TAPPEN, ND  58487",Engaged in Farming,,,,,
104,"XLT Management Services, Inc. | Corporation - Business - Foreign",280171,05/29/2019,0002813336,Active,Good Standing,False,False,False,False,False,Corporation - Business - Foreign,Active,Good,Good,Good,ILLINOIS,Perpetual,05/29/2019,"6318 KINGSBRIDGE DRIVE
CARY, IL 60013","6318 KINGSBRIDGE DR
CARY, IL 60013-6401",05/15/2023,"C T CORPORATION SYSTEM
120 W SWEET AVE
BISMARCK, ND  58504",,,,,,,,
93,"Xigent Solutions, LLC | Limited Liability Company - Business - Foreign",348851,11/29/2022,0006091585,Active,Good Standing,False,False,False,False,False,Limited Liability Company - Business - Foreign,Active,Good,Good,Good,MINNESOTA,Perpetual,11/29/2022,"1650 WEST END BLVD
STE 100
MINNEAPOLIS, MN 55416","1650 WEST END BLVD
STE 100
MINNEAPOLIS, MN 55416-5369",11/15/2023,"C T CORPORATION SYSTEM
120 W SWEET AVE
BISMARCK, ND  58504",,,,,,,,
86,XEROX FINANCIAL SERVICES LLC | Limited Liability Company - Business - Foreign,73374,02/04/2003,0000073595,Active,Good Standing,False,False,False,False,False,Limited Liability Company - Business - Foreign,Active,Good,Good,Good,DELAWARE,Perpetual,02/04/2003,"201 MERRITT 7
NORWALK, CT 06851","201 MERRITT 7
NORWALK, CT 06851-1056",11/15/2023,"CORPORATION SERVICE COMPANY
600 S 2ND ST
STE 155
BISMARCK, ND  58504",,,,,,,,
113,XO BEAUTY | Trade Name,270408,02/06/2018,0000270788,Active,Good Standing,False,False,False,False,False,Trade Name,Active,,,,,Expires - 5 years,02/06/2018,"607 13TH ST NE
JAMESTOWN, ND 58401-2600","607 13TH ST NE
JAMESTOWN, ND 58401-2600",,,,,,ASHLEY MACK,"742 10TH ST NE
JAMESTOWN, ND 58401-3420","BOOTH RENTAL, HAIR SALON",02/06/2028,
88,Xfinity Home | Trade Name,348941,11/30/2022,0006092932,Active,Good Standing,False,False,False,False,False,Trade Name,Active,,,,,Expires - 5 years,11/30/2022,"1701 JOHN F. KENNEDY BLVD.
PHILADELPHIA, PA 19103","1701 JOHN F KENNEDY BLVD
PHILADELPHIA, PA 19103-2838",,,,,,"COMCAST BROADBAND SECURITY, LLC","1701 JOHN F KENNEDY BLVD
PHILADELPHIA, PA 19103-2838",Security Alarm Systems,11/30/2027,
83,XERCOR INSURANCE SERVICES LLC | Limited Liability Company - Business - Foreign,148120,08/17/2015,0000148493,Active,Good Standing,False,False,False,False,False,Limited Liability Company - Business - Foreign,Active,Good,Good,Good,DELAWARE,Perpetual,08/17/2015,"8435 KEYSTONE CROSSING
SUITE 240
INDIANAPOLIS, IN 46240","8435 KEYSTONE XING
STE 240
INDIANAPOLIS, IN 46240-4357",11/15/2023,"COGENCY GLOBAL INC.
120 W SWEET AVE STE 9
BISMARCK, ND  58504",,,,,,,,
91,"XH, LLC | Limited Liability Company - Business - Foreign",14868,05/04/1983,0000015018,Active,Good Standing,False,False,False,False,False,Limited Liability Company - Business - Foreign,Active,Good,Good,Good,DELAWARE,Perpetual,05/04/1983,"22777 SPRINGWOODS VILLAGE PKWY
SPRING, TX 77389-1425","22777 SPRINGWOODS VILLAGE PKWY
SPRING, TX 77389-1425",11/15/2023,"CORPORATION SERVICE COMPANY
600 S 2ND ST
STE 155
BISMARCK, ND  58504",,,,,,,,
87,"XETA TECHNOLOGIES, INC. | Corporation - Business - Foreign",62403,04/06/2000,0000062616,Active,Good Standing,False,False,False,False,False,Corporation - Business - Foreign,Active,Good,Good,Good,OKLAHOMA,Perpetual,04/06/2000,"4001 N. RODNEY PARHAM
LITTLE ROCK, AR 72212-2459","4001 N RODNEY PARHAM RD
LITTLE ROCK, AR 72212-2459",05/15/2023,"REGISTERED AGENT SOLUTIONS, INC.
1709 N 19TH ST STE 3
BISMARCK, ND  58501-2121",,,,,,,,
80,"Xencom Energy Management, LLC | Limited Liability Company - Business - Foreign",282675,07/31/2019,0002859472,Active,Good Standing,False,False,False,False,False,Limited Liability Company - Business - Foreign,Active,Good,Good,Good,TEXAS,Perpetual,07/31/2019,"1609 PRECISION DRIVE
3000
JOHN W. LUXEN
PLANO, TX 75074","1609 PRECISION DR
STE 3000
JOHN W. LUXEN
PLANO, TX 75074-8676",11/15/2023,"REGISTERED AGENT SOLUTIONS, INC.
1709 N 19TH ST STE 3
BISMARCK, ND  58501-2121",,,,,,,,
81,Xenex Disinfection Services Inc. | Corporation - Business - Foreign,135134,03/20/2014,0000135506,Active,Good Standing,False,False,False,False,False,Corporation - Business - Foreign,Active,Good,Good,Good,DELAWARE,Perpetual,03/20/2014,"1074 ARION CIRCLE, STE 116
SAN ANTONIO, TX 78216","1074 ARION CIR
STE 116
SAN ANTONIO, TX 78216-3085",05/15/2023,"INCORP SERVICES, INC.
4501 COLEMAN ST
STE 102
BISMARCK, ND  58503",,,,,,,,
82,"XENITH, LLC | Limited Liability Company - Business - Foreign",154726,06/27/2016,0000155100,Active,Good Standing,False,False,False,False,False,Limited Liability Company - Business - Foreign,Active,Good,Good,Good,DELAWARE,Perpetual,06/27/2016,"1201 WOODWARD AVE
DETROIT, MI 48226-2006","1201 WOODWARD AVE
DETROIT, MI 48226-2039",11/15/2023,"UNITED AGENT GROUP INC.
1709 N 19TH ST #3
BISMARCK, ND  58501-2121",,,,,,,,
84,"Xeris Pharmaceuticals, Inc. | Corporation - Business - Foreign",275237,02/14/2019,0002705646,Active,Good Standing,False,False,False,False,False,Corporation - Business - Foreign,Active,Good,Good,Good,DELAWARE,Perpetual,02/14/2019,"180 N LASALLE ST, SUITE 1600,
CHICAGO, IL 60601","180 N LA SALLE ST
STE 1600
CHICAGO, IL 60601-2603",05/15/2023,"C T CORPORATION SYSTEM
120 W SWEET AVE
BISMARCK, ND  58504",,,,,,,,
79,"Xelix Distribution, Inc. | Corporation - Business - Foreign",346477,10/12/2022,0006052722,Active,Good Standing,False,False,False,False,False,Corporation - Business - Foreign,Active,Good,Good,Good,TEXAS,Perpetual,10/12/2022,"4747 MCLANE PARKWAY
TEMPLE, TX 76504","PO BOX 6115
TEMPLE, TX 76503-6115",05/15/2023,"C T CORPORATION SYSTEM
120 W SWEET AVE
BISMARCK, ND  58504",,,,,,,,
76,Xebec Systems USA LLC | Limited Liability Company - Business - Foreign,169122,05/24/2018,0000169500,Active,Good Standing,False,False,False,False,False,Limited Liability Company - Business - Foreign,Active,Good,Good,Good,DELAWARE,Perpetual,05/24/2018,"9461 WILLOW CT
HENDERSON, CO 80640-8547","532 PATTERSON AVE
STE 180
CORPORATE SECRETARY
MOORESVILLE, NC 28115-2145",11/15/2023,"INCORP SERVICES, INC.
4501 COLEMAN ST
STE 102
BISMARCK, ND  58503",,,,,,,,
77,"XEBU, LLC | Limited Liability Company - Business - Domestic",333730,04/11/2022,0005857300,Active,Good Standing,False,False,False,False,False,Limited Liability Company - Business - Domestic,Active,Good,Good,Good,NORTH DAKOTA,Perpetual,04/11/2022,"1501 45TH ST. WEST APT #204
WILLISTON, ND 58801","1501 45TH ST W
APT 204
WILLISTON, ND 58801-1920",11/15/2023,,,"CORPORATE SERVICE CENTER, INC.
33 S 3RD ST STE D-15
GRAND FORKS, ND  58201",,,,,,
85,XEROX CORPORATION | Corporation - Business - Foreign,17447,05/05/1964,0000017597,Active,Good Standing,False,False,False,False,False,Corporation - Business - Foreign,Active,Good,Good,Good,NEW YORK,Perpetual,05/05/1964,"201 MERRITT 7
NORWALK, CT 06851","201 MERRITT 7
NORWALK, CT 06851-1056",05/15/2023,"THE PRENTICE-HALL CORPORATION SYSTEM, INC.
600 S 2ND ST
STE 155
BISMARCK, ND  58504",,,,,,,,
72,"XCS Pros, LLC | Limited Liability Company - Business - Domestic",344027,09/16/2022,0006028866,Active,Good Standing,False,False,False,False,False,Limited Liability Company - Business - Domestic,Active,Good,Good,Good,NORTH DAKOTA,Perpetual,09/16/2022,"2407 32ND ST. S
MR. MICHAEL BROOKS
FARGO, ND 58103","PO BOX 10326
MR. MICHAEL BROOKS
FARGO, ND 58106-0326",11/15/2023,,10/01/2022,"MICHAEL S BROOKS
2407 32ND ST S
FARGO, ND  58103",,,,,,
73,xDatak LLC | Limited Liability Company - Business - Domestic,335425,05/12/2022,0005876954,Active,Good Standing,False,False,False,False,False,Limited Liability Company - Business - Domestic,Active,Good,Good,Good,NORTH DAKOTA,Perpetual,05/12/2022,"1968 S. COAST HWY
STE 105
LAGUNA BEACH, CA 92651","1968 S COAST HWY PMB 105
LAGUNA BEACH, CA 92651-3681",11/15/2023,"AAA NORTH DAKOTA REGISTERED AGENT LLC
3003 32ND AVE S STE 240
FARGO, ND  58103",,,,,,,,
74,XDP Digital LLC | Limited Liability Company - Business - Domestic,314011,04/22/2021,0005499495,Active,Good Standing,False,False,False,False,False,Limited Liability Company - Business - Domestic,Active,Good,Good,Good,NORTH DAKOTA,Perpetual,04/22/2021,"924 16TH AVE E
STEVE LUCZAK
DICKINSON, ND 58601","924 16TH AVE E
STEVE LUCZAK
DICKINSON, ND 58601-3632",11/15/2023,,,"KIMBERLY  BRAUN
97 1ST ST E
DICKINSON, ND  58601",,,,,,
71,XCS Pros | Trade Name,344030,09/16/2022,0006028885,Active,Good Standing,False,False,False,False,False,Trade Name,Active,,,,,Expires - 5 years,09/16/2022,"2407 32ND ST. S
MICHAEL BROOKS
FARGO, ND 58103","PO BOX 10326
MICHAEL BROOKS
FARGO, ND 58106-0326",,,,,,"XCS Pros, LLC","2407 32ND ST. S
MR. MICHAEL BROOKS
FARGO, ND 58103","Digital marketing, sales, content, management, and advertising services for business.",09/16/2027,
70,"XConnect, LLC | Limited Liability Company - Business - Foreign",141236,10/27/2014,0000141609,Active,Good Standing,False,False,False,False,False,Limited Liability Company - Business - Foreign,Active,Good,Good,Good,NEVADA,Perpetual,10/27/2014,"1525 RALEIGH ST
STE 500
DENVER, CO 80204","1525 RALEIGH ST
STE 500
DENVER, CO 80204-1594",11/15/2023,"INCORP SERVICES, INC.
4501 COLEMAN ST
STE 102
BISMARCK, ND  58503",,,,,,,,
67,"XCLOUD, LLC | Limited Liability Company - Business - Foreign",305451,11/20/2020,0005338314,Active,Good Standing,False,False,False,False,False,Limited Liability Company - Business - Foreign,Active,Good,Good,Good,DELAWARE,Perpetual,11/20/2020,"14 HAMPSHIRE DRIVE
HUDSON, NH 03051","14 HAMPSHIRE DR
HUDSON, NH 03051-4921",11/15/2023,"REGISTERED AGENT SOLUTIONS, INC.
1709 N 19TH ST STE 3
BISMARCK, ND  58501-2121",,,,,,,,
66,"XCL RoyaltyCo, LLC | Limited Liability Company - Business - Foreign",288834,11/20/2019,0002981591,Active,Good Standing,False,False,False,False,False,Limited Liability Company - Business - Foreign,Active,Good,Good,Good,DELAWARE,Perpetual,11/20/2019,"600 N. SHEPHERD
STE 390
HOUSTON, TX 77007","600 N SHEPHERD DR
STE 390
HOUSTON, TX 77007-4580",11/15/2023,"C T CORPORATION SYSTEM
120 W SWEET AVE
BISMARCK, ND  58504",,,,,,,,
65,"XCL Resources, LLC | Limited Liability Company - Business - Foreign",278418,04/18/2019,0002772084,Active,Good Standing,False,False,False,False,False,Limited Liability Company - Business - Foreign,Active,Good,Good,Good,TEXAS,Perpetual,04/18/2019,"600 N. SHEPHERD
STE 390
HOUSTON, TX 77007","600 N SHEPHERD DR
STE 390
HOUSTON, TX 77007-4580",11/15/2023,"C T CORPORATION SYSTEM
120 W SWEET AVE
BISMARCK, ND  58504",,,,,,,,
69,XCMG America Financial LLC | Limited Liability Company - Business - Foreign,338193,06/23/2022,0005922092,Active,Good Standing,False,False,False,False,False,Limited Liability Company - Business - Foreign,Active,Good,Good,Good,DELAWARE,Perpetual,06/23/2022,"3235 SATELLITE BLVD, BLDG 400
STE 300
DULUTH, GA 30096","3235 SATELLITE BLVD
STE 300 BLDG 400
DULUTH, GA 30096-8688",11/15/2023,,,"VCORP SERVICES, LLC
120 W SWEET AVE
BISMARCK, ND  58504-5566",,,,,,
63,"XCL AssetCo, LLC | Limited Liability Company - Business - Foreign",279055,05/02/2019,0002784591,Active,Good Standing,False,False,False,False,False,Limited Liability Company - Business - Foreign,Active,Good,Good,Good,DELAWARE,Perpetual,05/02/2019,"600 N. SHEPHERD
STE 390
HOUSTON, TX 77007","600 N SHEPHERD DR
STE 390
HOUSTON, TX 77007-4580",11/15/2023,"C T CORPORATION SYSTEM
120 W SWEET AVE
BISMARCK, ND  58504",,,,,,,,
62,XCHANGE TELECOM LLC | Limited Liability Company - Business - Foreign,339752,07/01/2022,0005927138,Active,Good Standing,False,False,False,False,False,Limited Liability Company - Business - Foreign,Active,Good,Good,Good,DELAWARE,Perpetual,07/01/2022,"3611 14TH AVE., SUITE 550
BROOKLYN, NY 11218","3611 14TH AVE
STE 550
BROOKLYN, NY 11218-3773",11/15/2023,"INCORP SERVICES, INC.
4501 COLEMAN ST
STE 102
BISMARCK, ND  58503",,,,,,,,
90,"XGP PROPERTIES, LLC | Limited Liability Company - Business - Domestic",117057,05/21/2012,0000117427,Active,Good Standing,False,False,False,False,False,Limited Liability Company - Business - Domestic,Active,Good,Good,Good,NORTH DAKOTA,Perpetual,05/21/2012,"3612 GRAYSON DR
BURLINGTON, ND 58722","3612 GRAYSON DR
BURLINGTON, ND 58722-9541",11/15/2023,,,"GEORGE  POITRA
3612 GRAYSON DR
BURLINGTON, ND  58722-9541",,,,,,
89,"X-GEN PHARMACEUTICALS, INC. | Corporation - Business - Foreign",100168,06/19/2010,0000100537,Active,Not Good Standing,False,False,True,True,False,Corporation - Business - Foreign,Active,Not Good,Good,Good,NEW YORK,Perpetual,06/19/2010,"300 DANIEL ZENKER DR
HORSEHEADS, NY 14845","300 DANIEL ZENKER DR
HORSEHEADS, NY 14845-1014",05/16/2022,"INCORP SERVICES, INC.
4501 COLEMAN ST
STE 102
BISMARCK, ND  58503",,,,,,,,
61,"XCHANGE BENEFITS, LLC | Limited Liability Company - Business - Foreign",108164,07/18/2011,0000108533,Active,Good Standing,False,False,False,False,False,Limited Liability Company - Business - Foreign,Active,Good,Good,Good,DELAWARE,Perpetual,07/18/2011,"200 BUSINESS PARK DR
STE 303
ARMONK, NY 10504-1751","200 BUSINESS PARK DR
STE 303
ARMONK, NY 10504-1754",11/15/2023,"3H AGENT SERVICES, INC.
1213 NP AVE N
STE 301
FARGO, ND  58102",,,,,,,,
68,Xclusive Apparel | Fictitious Partnership Name,279897,06/08/2019,0002797909,Active,Good Standing,False,False,False,False,False,Fictitious Partnership Name,Active,,,,,Expires - 5 years,06/08/2019,"PO BOX 2439
WATFORD CITY, ND 58854-2439",,,,,,,SHOES 'N' SUCH LLP,,,06/08/2024,
60,XCELL DRIVING SCHOOL LLP | Limited Liability Partnership - Domestic,180654,08/27/2003,0000181034,Active,Good Standing,False,False,True,True,False,Limited Liability Partnership - Domestic,Active,Good,Good,Good,NORTH DAKOTA,Perpetual,08/27/2003,"63 PRAIRIEWOOD DR. S.
DAVID KLINKHAMMER
FARGO, ND 58103","63 PRAIRIEWOOD DR S
David Klinkhammer
FARGO, ND 58103-4651",03/31/2023,,,"DAVID J KLINKHAMMER
3315 44TH AVE SW
FARGO, ND  58104-6643",,,,,,
59,XCEL TRUCKING LLC | Limited Liability Company - Business - Domestic,111653,11/09/2011,0000112023,Active,Good Standing,False,False,False,False,False,Limited Liability Company - Business - Domestic,Active,Good,Good,Good,NORTH DAKOTA,Perpetual,11/09/2011,"717 15TH AVE WEST
WILLISTON, ND 58802","PO BOX 4447
WILLISTON, ND 58802-4447",11/15/2023,,,"Kenneth  Miller
717 15TH AVE WEST
WILLISTON, ND  58801",,,,,,
78,XeCare LLC | Limited Liability Company - Business - Foreign,313973,04/22/2021,0005499136,Active,Good Standing,False,False,False,False,False,Limited Liability Company - Business - Foreign,Active,Good,Good,Good,DELAWARE,Perpetual,04/22/2021,"9750 INNOVATION CAMPUS WAY
NEW ALBANY, OH 43054","9750 INNOVATION CAMPUS WAY
NEW ALBANY, OH 43054-7708",11/15/2023,"CAPITOL CORPORATE SERVICES, INC.
1213 NP AVE
STE 301
FARGO, ND  58102",,,,,,,,
56,Xcel Holdings LLC | Limited Liability Company - Business - Domestic,333311,04/05/2022,0005852383,Active,Good Standing,False,False,False,False,False,Limited Liability Company - Business - Domestic,Active,Good,Good,Good,NORTH DAKOTA,Perpetual,04/05/2022,"4854 132ND DR. NW
WILLISTON, ND 58801","4854 132ND DR NW
WILLISTON, ND 58801-9245",11/15/2023,,,"TANNER  COLLETTE
4854 132ND DR NW
WILLISTON, ND  58801",,,,,,
58,"Xcel Protective Services, Inc. | Corporation - Business - Foreign",311235,03/05/2021,0005455239,Active,Not Good Standing,False,False,True,True,False,Corporation - Business - Foreign,Active,Not Good,Good,Good,NEW MEXICO,Perpetual,03/05/2021,"6747 ACADEMY RD NE
STE A
BELINDA C MELTON
ALBUQUERQUE, NM 87109","6747 ACADEMY RD NE
STE A
BELINDA C MELTON
ALBUQUERQUE, NM 87109-3374",05/16/2022,,,"ELI  OLSON
711 SPRAKER DR
CAVALIER AFS, ND  58220",,,,,,
52,XCEL ENERGY INC. | Corporation - Business - Foreign,83,08/18/1910,0000000120,Active,Good Standing,False,False,False,False,False,Corporation - Business - Foreign,Active,Good,Good,Good,MINNESOTA,Perpetual,08/18/1910,"414 NICOLLET MALL
MINNEAPOLIS, MN 55401-1927","414 NICOLLET MALL
MINNEAPOLIS, MN 55401-1927",05/15/2023,"CORPORATION SERVICE COMPANY
600 S 2ND ST
STE 155
BISMARCK, ND  58504",,,,,,,,
55,Xcel Holdings | Trade Name,330716,02/28/2022,0005807728,Active,Good Standing,False,False,False,False,False,Trade Name,Active,,,,,Expires - 5 years,02/28/2022,"4854 132ND DR. NW
WILLISTON, ND 58801","4854 132ND DR NW
WILLISTON, ND 58801-9245",,,,,,Tanner Collette,"4854 132ND DR NW
WILLISTON, ND 58801-9245",Real estate holdings and rental,02/28/2027,
54,"XCEL ERECTORS, INC. | Corporation - Business - Foreign",1940,11/14/1985,0000002063,Active,Good Standing,False,False,False,False,False,Corporation - Business - Foreign,Active,Good,Good,Good,DELAWARE,Perpetual,11/14/1985,"7401 W 129TH ST
OVERLAND PARK, KS 66213-2694","6325 ARDREY KELL RD
STE 400
ATTN: LEGAL DEPT.
CHARLOTTE, NC 28277-4967",05/15/2023,"C T CORPORATION SYSTEM
120 W SWEET AVE
BISMARCK, ND  58504",,,,,,,,
57,XCEL NDT LLC | Limited Liability Company - Business - Foreign,171445,09/04/2018,0000171823,Active,Not Good Standing,False,False,True,True,False,Limited Liability Company - Business - Foreign,Active,Not Good,Good,Good,KANSAS,Perpetual,09/04/2018,"2755 STATE HWY 322
JAMIE DAVIS
LONGVIEW, TX 75603","PO BOX 8024
JAMIE DAVIS
LONGVIEW, TX 75607-8024",11/15/2022,,,"ND Secretary of State (N.D.C.C.  10-01.1-13)
600 E BOULEVARD AVE
DEPT 108
BISMARCK, ND  58505-0500",,,,,,
50,Xcel Aviation LLC | Limited Liability Company - Business - Domestic,333316,04/05/2022,0005852398,Active,Good Standing,False,False,False,False,False,Limited Liability Company - Business - Domestic,Active,Good,Good,Good,NORTH DAKOTA,Perpetual,04/05/2022,"4854 132ND DR. NW
WILLISTON, ND 58801","4854 132ND DR NW
WILLISTON, ND 58801-9245",11/15/2023,,,"TANNER  COLLETTE
4854 132ND DR NW
WILLISTON, ND  58801",,,,,,
47,Xcel Automation | Trade Name,278291,04/16/2019,0002769937,Active,Good Standing,False,False,False,False,False,Trade Name,Active,,,,,Expires - 5 years,04/16/2019,"4854 132ND DR. NW
TANNER COLLETTE
WILLISTON, ND 58801","4854 132ND DR NW
TANNER COLLETTE
WILLISTON, ND 58801-9245",,,,,,Xcel Automation & Electric LLC,"4854 132ND DR. NW
TANNER COLLETTE
WILLISTON, ND 58801",Automation & electrical contracting,04/16/2024,
48,Xcel Automation & Electric LLC | Limited Liability Company - Business - Domestic,278153,04/16/2019,0002767465,Active,Good Standing,False,False,False,False,False,Limited Liability Company - Business - Domestic,Active,Good,Good,Good,NORTH DAKOTA,Perpetual,04/16/2019,"4854 132ND DR. NW
TANNER COLLETTE
WILLISTON, ND 58801","4854 132ND DR NW
TANNER COLLETTE
WILLISTON, ND 58801-9245",11/15/2023,,,"TANNER  COLLETTE
4854 132ND DR NW
WILLISTON, ND  58801",,,,,,
96,XIULING INC | Corporation - Business - Domestic,333154,04/01/2022,0005851059,Active,Good Standing,False,False,False,False,False,Corporation - Business - Domestic,Active,Good,Good,Good,NORTH DAKOTA,Perpetual,04/01/2022,"4323 45TH ST SOUTH
105
FARGO, ND 58104","4323 45TH ST S
STE 105
FARGO, ND 58104-4496",08/01/2023,,,"XIULING  WU
4323 45TH ST S
STE 105
FARGO, ND  58104",,,,,,
44,"XCED AVIATION SERVICES, LLC | Limited Liability Company - Business - Foreign",170568,07/31/2018,0000170946,Active,Good Standing,False,False,False,False,False,Limited Liability Company - Business - Foreign,Active,Good,Good,Good,DELAWARE,Perpetual,07/31/2018,"425 N MARTINGALE RD FL 8
SCHAUMBURG, IL 60173-2406","425 N MARTINGALE RD
FL 8
SCHAUMBURG, IL 60173-2406",11/15/2023,"C T CORPORATION SYSTEM
120 W SWEET AVE
BISMARCK, ND  58504",,,,,,,,
51,XCEL ENERGY | Trade Name,236957,01/30/2009,0000237337,Active,Good Standing,False,False,False,False,False,Trade Name,Active,,,,,Expires - 5 years,01/30/2009,"414 NICOLLET MALL FL 5
MINNEAPOLIS, MN 55401-1927","414 NICOLLET MALL FL 5
MINNEAPOLIS, MN 55401-1927",,,,,,NORTHERN STATES POWER COMPANY,"414 NICOLLET MALL
MINNEAPOLIS, MN 55401-1927","ELECTRICITY & NATURAL GAS UTILITY SERVICES, INCLUDING DISTRIBUTION, TRANSMISSION, TRADING, TRANSPORTATION & MARKETING TO RETAIL & WHOLESALE CUSTOMERS",01/30/2024,
46,XCEL AGRONOMY LLC | Limited Liability Company - Business - Domestic,165755,12/18/2017,0000166132,Active,Good Standing,False,False,False,False,False,Limited Liability Company - Business - Domestic,Active,Good,Good,Good,NORTH DAKOTA,Perpetual,12/18/2017,"710 17TH ST NW
JAMESTOWN, ND 58401-2241","710 17TH ST NW
JAMESTOWN, ND 58401-2241",11/15/2023,,,"CHRISTOPHER  PERLEBERG
710 17TH ST NW
JAMESTOWN, ND  58401-2241",,,,,,
43,"XCAST LABS, INC. | Corporation - Business - Foreign",315704,05/20/2021,0005521523,Active,Good Standing,False,False,False,False,False,Corporation - Business - Foreign,Active,Good,Good,Good,CALIFORNIA,Perpetual,05/20/2021,"1880 CENTURY PARK EAST
SUITE 1415
LOS ANGELES, CA 90067","1880 CENTURY PARK E
STE 1415
LOS ANGELES, CA 90067-1668",05/15/2023,"INCORP SERVICES, INC.
4501 COLEMAN ST
STE 102
BISMARCK, ND  58503",,,,,,,,
40,XAPIC STUDIOS | Trade Name,265626,10/14/2016,0000266006,Active,Good Standing,False,False,False,False,False,Trade Name,Active,,,,,Expires - 5 years,10/14/2016,"607 N 3RD ST # 1
GRAND FORKS, ND 58203-3203","607 N 3RD ST # 1
GRAND FORKS, ND 58203-3203",,,,,,PATRICIA A ROGALLA,"607 N 3RD ST # 1
GRAND FORKS, ND 58203-3203","I attend Vendor shows and offer a variety of things pending on the time of year. I  make hand  crafted items. Yard ornaments, jewelry, Wind Cork designs, and  other craft items. I also sell and promote Nutritional Supplements, Skin Care, and Hair Care.",10/14/2026,
39,XAP Corporation | Corporation - Business - Foreign,332361,03/22/2022,0005827829,Active,Good Standing,False,False,False,False,False,Corporation - Business - Foreign,Active,Good,Good,Good,DELAWARE,Perpetual,03/22/2022,"600 CORPORATE POINTE
220
CULVER CITY, CA 90230","600 CORPORATE POINTE
STE 220
CULVER CITY, CA 90230-7616",05/15/2023,"CORPORATION SERVICE COMPANY
600 S 2ND ST
STE 155
BISMARCK, ND  58504",,,,,,,,
42,"XCALIBER INTERNATIONAL LTD., L.L.C. | Limited Liability Company - Business - Foreign",151536,02/01/2016,0000151910,Active,Good Standing,False,False,False,False,False,Limited Liability Company - Business - Foreign,Active,Good,Good,Good,OKLAHOMA,Perpetual,02/01/2016,"1 TOBACCO RD
PRYOR, OK 74361-4002","4747 NE 1ST ST
PRYOR, OK 74361-9807",11/15/2023,"CORPORATION SERVICE COMPANY
600 S 2ND ST
STE 155
BISMARCK, ND  58504",,,,,,,,
41,"XB Investments, LLC | Limited Liability Company - Business - Domestic",334862,05/03/2022,0005869610,Active,Good Standing,False,False,False,False,False,Limited Liability Company - Business - Domestic,Active,Good,Good,Good,NORTH DAKOTA,Perpetual,05/03/2022,"12 MILL ST
PISEK, ND 58273-8500","PO BOX 73
PISEK, ND 58273-0073",11/15/2023,,,"JOSH  JELINEK
12 MILL ST
PISEK, ND  58273",,,,,,
49,Xcel Aviation | Trade Name,324145,10/26/2021,0005675460,Active,Good Standing,False,False,False,False,False,Trade Name,Active,,,,,Expires - 5 years,10/26/2021,"4854 132ND DR. NW
WILLISTON, ND 58801","4854 132ND DR NW
WILLISTON, ND 58801-9245",,,,,,Tanner S Collette,"4854 132ND DR NW
WILLISTON, ND 58801-9245","Aviation services including but not limited to flight instruction, aerial inspection, aerial applications, and scenic tours.",10/26/2026,
35,"Xactus, LLC | Limited Liability Company - Business - Foreign",330579,02/16/2022,0005806191,Active,Good Standing,False,False,False,False,False,Limited Liability Company - Business - Foreign,Active,Good,Good,Good,DELAWARE,Perpetual,02/16/2022,"370 REED RD
STE 100
BROOMALL, PA 19008","370 REED RD
STE 100
BROOMALL, PA 19008-4019",11/15/2023,"CORPORATION SERVICE COMPANY
600 S 2ND ST
STE 155
BISMARCK, ND  58504",,,,,,,,
38,Xander Products & Service LLC | Limited Liability Company - Business - Domestic,310991,03/03/2021,0005452393,Active,Not Good Standing,False,False,True,True,False,Limited Liability Company - Business - Domestic,Active,Not Good,Good,Good,NORTH DAKOTA,Perpetual,03/03/2021,"3228 44TH AVE S
FARGO, ND 58104","3228 44TH AVE S
FARGO, ND 58104-6648",11/15/2022,,,"ALEXANDER G. MUGAN
3228 44TH AVE S
FARGO, ND  58104",,,,,,
33,"X4I LIMITED, LLC | Trade Name",352753,02/08/2023,0006187455,Active,Good Standing,False,False,False,False,False,Trade Name,Active,,,,,Expires - 5 years,02/08/2023,"GROUND FLOOR 
107 POWER ROAD CHISWICK
LONDON W4 5PY
United Kingdom","GROUND FLOOR 
107 POWER ROAD CHISWICK
LONDON W4 5PY
United Kingdom",,,,,,X4I LIMITED,"GROUND FLOOR
107 POWER RD CHISWICK
LONDON W4 5PY
United Kingdom",Holding Company,02/08/2028,
37,"XANADU, LLC | Limited Liability Company - Business - Domestic",84218,10/16/2006,0000084583,Active,Good Standing,False,False,False,False,False,Limited Liability Company - Business - Domestic,Active,Good,Good,Good,NORTH DAKOTA,Perpetual,10/16/2006,"4390 46TH AVE S
UNIT A
FARGO, ND 58104-4257","4390 46TH AVE S UNIT A
FARGO, ND 58104-4257",11/15/2023,,,"MICHELLE  BAKKE
4390 46TH AVE S UNIT A
FARGO, ND  58104-4257",,,,,,
36,"XANADU PRODUCTS, L.L.C. | Limited Liability Company - Business - Domestic",41359,12/19/2003,0000041563,Active,Good Standing,False,False,False,False,False,Limited Liability Company - Business - Domestic,Active,Good,Good,Good,NORTH DAKOTA,Expires,12/19/2003,"115 W CENTURY AVE
STE B
BISMARCK, ND 58503-1403","115 W CENTURY AVE
STE B
BISMARCK, ND 58503-1403",11/15/2023,,,"RICK  PAULSON
115 W CENTURY AVE STE B
BISMARCK, ND  58503-1403",,,,,12/19/2053,
32,"X4I LIMITED (dba X4I LIMITED, LLC) | Limited Liability Company - Business - Foreign",352995,02/08/2023,0006190492,Active,Good Standing,False,False,False,False,False,Limited Liability Company - Business - Foreign,Active,Good,Good,Good,United Kingdom,Perpetual,02/08/2023,"GROUND FLOOR
107 POWER RD CHISWICK
LONDON W4 5PY
United Kingdom","GROUND FLOOR
107 POWER RD CHISWICK
LONDON W4 5PY
United Kingdom",11/15/2024,"CORPORATION SERVICE COMPANY
600 S 2ND ST
STE 155
BISMARCK, ND  58504",,,,,,,,
34,XactlyOne Foundation | Corporation - Nonprofit - Foreign,315018,05/07/2021,0005510743,Active,Good Standing,False,False,False,False,False,Corporation - Nonprofit - Foreign,Active,Good,Good,Good,CALIFORNIA,Perpetual,05/07/2021,"1125 17TH ST STE 1700
TOM STEHNO
DENVER, CO 80202","1395 PICCARD DR
STE 180
CHINGYI LIN
ROCKVILLE, MD 20850-4306",02/01/2024,"NORTHWEST REGISTERED AGENT SERVICE, INC.
3003 32ND AVE S STE 240
FARGO, ND  58103-6118",,,,,,,,
28,X REPUBLIC SALON LLC | Limited Liability Company - Business - Domestic,304760,11/10/2020,0005326132,Active,Not Good Standing,False,False,True,True,False,Limited Liability Company - Business - Domestic,Active,Not Good,Good,Good,NORTH DAKOTA,Perpetual,11/10/2020,"WATFORD CENTER
1005 MAIN ST S SUITE 103
WATFORD CITY, ND 58854","1005 S MAIN ST
STE 103
WATFORD CITY, ND 58854-6731",11/15/2022,,,"PEDRO  CAVASAS
2396 125TH AVE NW
WATFORD CITY, ND  58854",,,,,,
45,XCEL AG SOLUTIONS LLC | Limited Liability Company - Business - Domestic,171651,10/04/2018,0000172029,Active,Good Standing,False,False,False,False,False,Limited Liability Company - Business - Domestic,Active,Good,Good,Good,NORTH DAKOTA,Perpetual,10/04/2018,"1292 56TH ST SE
BRADDOCK, ND 58524-9244","1292 56TH ST SE
BRADDOCK, ND 58524-9244",11/15/2023,,,"ANTHONY  BAUMGARTNER
1292 56TH ST SE
BRADDOCK, ND  58524-9244",,,,,,
30,"X2COMM, INC. | Corporation - Business - Foreign",68357,10/25/2001,0000068574,Active,Good Standing,False,False,False,False,False,Corporation - Business - Foreign,Active,Good,Good,Good,NEVADA,Perpetual,10/25/2001,"270 S MAIN ST
FLEMINGTON, NJ 08822-1787","270 S MAIN ST
FLEMINGTON, NJ 08822-1787",05/15/2023,"NATIONAL REGISTERED AGENTS, INC.
120 W SWEET AVE
BISMARCK, ND  58504-5566",,,,,,,,
27,X Realty LLC | Limited Liability Company - Business - Domestic,329549,02/02/2022,0005781604,Active,Good Standing,False,False,False,False,False,Limited Liability Company - Business - Domestic,Active,Good,Good,Good,NORTH DAKOTA,Perpetual,02/02/2022,"3749 14TH ST W
WEST FARGO, ND 58078","3749 14TH ST W
WEST FARGO, ND 58078-8410",11/15/2023,,,"ERIC  CHRISTIANS
3749 14TH ST W
WEST FARGO, ND  58078",,,,,,
53,XCEL ENERGY SERVICES INC. | Corporation - Business - Foreign,64528,04/18/2001,0000064741,Active,Good Standing,False,False,False,False,False,Corporation - Business - Foreign,Active,Good,Good,Good,DELAWARE,Perpetual,04/18/2001,"414 NICOLLET MALL
MINNEAPOLIS, MN 55401-1927","414 NICOLLET MALL
MINNEAPOLIS, MN 55401-1927",05/15/2023,"CORPORATION SERVICE COMPANY
600 S 2ND ST
STE 155
BISMARCK, ND  58504",,,,,,,,
25,X Golf Bismarck | Trade Name,336584,06/01/2022,0005891299,Active,Good Standing,False,False,False,False,False,Trade Name,Active,,,,,Expires - 5 years,06/01/2022,"201 UNIVERSITY AVE W
STE 1
MINOT, ND 58703","201 UNIVERSITY AVE W
STE 1
MINOT, ND 58703-2349",,,,,,"Elite Golf 2, LLC","201 UNIVERSITY AVENUE W
SUITE 1
MINOT, ND 58703","golf simulation, related services, and any lawful business purpose",06/01/2027,
23,X ELECTRIC | Trade Name,244002,05/19/2011,0000244382,Active,Good Standing,False,False,False,False,False,Trade Name,Active,,,,,Expires - 5 years,05/19/2011,"311 RAILROAD ST W
NORWOOD, MN 55368-9774","311 RAILROAD ST W
NORWOOD, MN 55368-9774",,,,,,"XTREME ELECTRICAL SERVICES, INC.","311 RAILROAD ST W
NYA, MN 55368-9774",ELECTRICAL WORK,05/19/2026,
22,"X Diamond Partners, LLP | Limited Liability Partnership - Domestic",319429,07/30/2021,0005577759,Active,Good Standing,False,False,False,False,False,Limited Liability Partnership - Domestic,Active,Good,Good,Good,NORTH DAKOTA,Perpetual,07/30/2021,"2341 BAYVIEW CT SE
MANDAN, ND 58554","2341 BAYVIEW CT SE
MANDAN, ND 58554-6451",04/01/2024,,,"KENDALL  VETTER
2341 BAYVIEW COURT SE
MANDAN, ND  58554",Engaged in Farming,,,,,
4,Cirrata Partners Insurance Agency LLC | Limited Liability Company - Business - Foreign,289003,11/26/2019,0002983026,Active,Good Standing,False,False,False,False,False,Limited Liability Company - Business - Foreign,Active,Good,Good,Good,DELAWARE,Perpetual,11/26/2019,"ONE WORLD TRADE CENTER
41ST FLOOR
NEW YORK, NY 10007","1 WORLD TRADE CTR
FL 41
NEW YORK, NY 10007-0090",11/15/2023,"3H AGENT SERVICES, INC.
1213 NP AVE N
STE 301
FARGO, ND  58102",,,,,,,,
3,"ATOS IT OUTSOURCING SERVICES, LLC | Limited Liability Company - Business - Foreign",144320,03/10/2015,0000144693,Active,Good Standing,False,False,False,False,False,Limited Liability Company - Business - Foreign,Active,Good,Good,Good,DELAWARE,Perpetual,03/10/2015,"4851 REGENT BLVD
IRVING, TX 75063","4851 REGENT BLVD
IRVING, TX 75063-2543",11/15/2023,"CORPORATION SERVICE COMPANY
600 S 2ND ST
STE 155
BISMARCK, ND  58504",,,,,,,,
2,"ATOS HEALTHCARE SERVICES, LLC | Limited Liability Company - Business - Foreign",144321,03/10/2015,0000144694,Active,Good Standing,False,False,False,False,False,Limited Liability Company - Business - Foreign,Active,Good,Good,Good,DELAWARE,Perpetual,03/10/2015,"4851 REGENT BLVD
IRVING, TX 75063","4851 REGENT BLVD
IRVING, TX 75063-2543",11/15/2023,"CORPORATION SERVICE COMPANY
600 S 2ND ST
STE 155
BISMARCK, ND  58504",,,,,,,,
1,AKITA EQUIPMENT CORP. | Corporation - Business - Foreign,103679,12/17/2010,0000104048,Active,Good Standing,False,False,False,False,False,Corporation - Business - Foreign,Active,Good,Good,Good,DELAWARE,Perpetual,12/17/2010,"216 16TH STREET, SUITE 1400
DENVER, CO 80202","216 16TH ST
STE 1400
DENVER, CO 80202-5128",05/15/2023,"C T CORPORATION SYSTEM
120 W SWEET AVE
BISMARCK, ND  58504",,,,,,,,
0,AKITA DRILLING USA CORP. | Corporation - Business - Foreign,103327,11/30/2010,0000103696,Active,Good Standing,False,False,False,False,False,Corporation - Business - Foreign,Active,Good,Good,Good,TEXAS,Perpetual,11/30/2010,"9811 KATY FREEWAY
SUITE 225
HOUSTON, TX 77024","9811 KATY FWY
STE 225
HOUSTON, TX 77024-1282",05/15/2023,"C T CORPORATION SYSTEM
120 W SWEET AVE
BISMARCK, ND  58504",,,,,,,,
5,"COMCAST BROADBAND SECURITY, LLC (dba XFINITY HOME) | Limited Liability Company - Business - Foreign",165394,11/28/2017,0000165771,Active,Good Standing,False,False,False,False,False,Limited Liability Company - Business - Foreign,Active,Good,Good,Good,DELAWARE,Perpetual,11/28/2017,"1701 JOHN F KENNEDY BLVD
PHILADELPHIA, PA 19103-2838","1701 JOHN F KENNEDY BLVD
PHILADELPHIA, PA 19103-2838",11/15/2023,"C T CORPORATION SYSTEM
120 W SWEET AVE
BISMARCK, ND  58504",,,,,,,,
26,X Golf Minot | Trade Name,322123,09/23/2021,0005643099,Active,Good Standing,False,False,False,False,False,Trade Name,Active,,,,,Expires - 5 years,09/23/2021,"201 UNIVERSITY AVE W
STE 1
MINOT, ND 58703","201 UNIVERSITY AVE W
STE 1
MINOT, ND 58703-2349",,,,,,"Elite Golf, LLC","201 UNIVERSITY AVENUE W
SUITE 1
MINOT, ND 58703","Golfing simulation, related services/goods, and any other lawful business purpose.",09/23/2026,
75,Xe USA | Trade Name,274036,01/24/2019,0002695525,Active,Good Standing,False,False,False,False,False,Trade Name,Active,,,,,Expires - 5 years,01/24/2019,"7001 VILLAGE DR 
STE 200
BUENA PARK, CA 90621","7001 VILLAGE DR 
STE 200
BUENA PARK, CA 90621",,,,,,"CONTINENTAL EXCHANGE SOLUTIONS, INC.","7001 VILLAGE DR STE 200
BUENA PARK, CA 90621-2232",Money transmission services,01/24/2024,
29,"X S BROKERS INSURANCE AGENCY, INC. | Corporation - Business - Foreign",157286,11/02/2016,0000157662,Active,Good Standing,False,False,False,False,False,Corporation - Business - Foreign,Active,Good,Good,Good,MASSACHUSETTS,Perpetual,11/02/2016,"13 TEMPLE ST
QUINCY, MA 02169-5110","13 TEMPLE ST
QUINCY, MA 02169-5110",05/15/2023,"REGISTERED AGENT SOLUTIONS, INC.
1709 N 19TH ST STE 3
BISMARCK, ND  58501-2121",,,,,,,,
31,x2VA LLC | Limited Liability Company - Business - Domestic,343679,09/09/2022,0006023395,Active,Good Standing,False,False,False,False,False,Limited Liability Company - Business - Domestic,Active,Good,Good,Good,NORTH DAKOTA,Perpetual,09/09/2022,"1018 10TH AVE S
FARGO, ND 58103","1018 10TH AVE S
FARGO, ND 58103-3111",11/15/2023,,,"DAKOTA W REGISTERED AGENT LLC
3003 32ND AVE S
STE 240
FARGO, ND  58103",,,,,,
24,X FOODS | Trade Name,352364,02/02/2023,0006173383,Active,Good Standing,False,False,False,False,False,Trade Name,Active,,,,,Expires - 5 years,02/02/2023,"181 N CENTRAL AVE
BEACH, ND 58621","PO BOX 127
BEACH, ND 58621-0127",,,,,,Oech Foods LLC,"3875 HWY 16
BEACH, ND 58621","Grocery Store, retail, food supplier, caterer of food.",02/02/2028,
64,"XCL Marketing, LLC | Limited Liability Company - Business - Foreign",302160,09/18/2020,0005247897,Active,Good Standing,False,False,False,False,False,Limited Liability Company - Business - Foreign,Active,Good,Good,Good,DELAWARE,Perpetual,09/18/2020,"600 N. SHEPHERD
SUITE 390
LAUREN BROWN
HOUSTON, TX 77007","600 N SHEPHERD DR
STE 390
LAUREN BROWN
HOUSTON, TX 77007-4580",11/15/2023,"C T CORPORATION SYSTEM
120 W SWEET AVE
BISMARCK, ND  58504",,,,,,,,
